customer_id,first_name,last_name,email,phone_number,registration_date,customer_metadata
CUST-1001,Isaac,Bakshi,isaac.bakshi664@gmail.com,+91-6896233790,2024-10-08,"{""device_type"": ""Web"", ""address_state"": ""Tamil Nadu"", ""city"": ""Chennai"", ""pincode"": ""600028"", ""address"": {""address_state"": ""Tamil Nadu"", ""city"": ""Chennai"", ""pincode"": ""600028""}, ""app_version"": ""v10.8.3"", ""locale"": ""en_IN""}"
CUST-1002,Anvi,Konda,anvi.konda614@rediffmail.com,+91-6131994523,2024-04-05,"{""device_type"": ""Web"", ""address_state"": ""Tamil Nadu"", ""city"": ""Chennai"", ""pincode"": ""600001"", ""address"": {""address_state"": ""Tamil Nadu"", ""city"": ""Chennai"", ""pincode"": ""600001""}, ""app_version"": ""v11.8.14"", ""locale"": ""en_IN""}"
CUST-1003,Udant,Dewan,udant.dewan235@rediffmail.com,+91-8969119330,2024-01-07,"{""device_type"": ""Android"", ""address_state"": ""Delhi"", ""city"": ""South Delhi"", ""pincode"": ""110048"", ""address"": {""address_state"": ""Delhi"", ""city"": ""South Delhi"", ""pincode"": ""110048""}, ""app_version"": ""v12.2.7"", ""locale"": ""en_IN""}"
CUST-1004,Harsh,Chahal,harsh.chahal990@outlook.com,+91-6199585092,2025-01-24,"{""device_type"": ""Web"", ""address_state"": ""Maharashtra"", ""city"": ""Nagpur"", ""pincode"": ""440010"", ""address"": {""address_state"": ""Maharashtra"", ""city"": ""Nagpur"", ""pincode"": ""440010""}, ""app_version"": ""v12.0.15"", ""locale"": ""en_IN""}"
CUST-1005,Pahal,Balay,pahal.balay559@gmail.com,+91-9184611066,2025-07-19,"{""device_type"": ""Web"", ""address_state"": ""Telangana"", ""city"": ""Warangal"", ""pincode"": ""506001"", ""address"": {""address_state"": ""Telangana"", ""city"": ""Warangal"", ""pincode"": ""506001""}, ""app_version"": ""v10.0.8"", ""locale"": ""en_IN""}"
CUST-1006,Ayushman,Chander,ayushman.chander801@outlook.com,+91-6349957310,2024-04-13,"{""device_type"": ""Web"", ""address_state"": ""Gujarat"", ""city"": ""Surat"", ""pincode"": ""395007"", ""address"": {""address_state"": ""Gujarat"", ""city"": ""Surat"", ""pincode"": ""395007""}, ""app_version"": ""v16.5.6"", ""locale"": ""en_IN""}"
CUST-1007,Tejas,Kaul,tejas.kaul389@outlook.com,+91-7819595113,2024-09-30,"{""device_type"": ""iOS"", ""address_state"": ""Maharashtra"", ""city"": ""Pune"", ""pincode"": ""411014"", ""address"": {""address_state"": ""Maharashtra"", ""city"": ""Pune"", ""pincode"": ""411014""}, ""app_version"": ""v13.6.9"", ""locale"": ""en_IN""}"
CUST-1008,Yashasvi,Bala,yashasvi.bala957@yahoo.co.in,+91-8924970419,2026-03-05,"{""device_type"": ""Android"", ""address_state"": ""Karnataka"", ""city"": ""Mysuru"", ""pincode"": ""570001"", ""address"": {""address_state"": ""Karnataka"", ""city"": ""Mysuru"", ""pincode"": ""570001""}, ""app_version"": ""v13.4.3"", ""locale"": ""en_IN""}"
CUST-1009,Rushil,Saini,rushil.saini226@outlook.com,+91-7803771909,2025-05-26,"{""device_type"": ""iOS"", ""address_state"": ""Gujarat"", ""city"": ""Vadodara"", ""pincode"": ""390020"", ""address"": {""address_state"": ""Gujarat"", ""city"": ""Vadodara"", ""pincode"": ""390020""}, ""app_version"": ""v12.2.8"", ""locale"": ""en_IN""}"
CUST-1010,Thomas,Sen,thomas.sen772@outlook.com,+91-9726563708,2025-02-12,"{""device_type"": ""Web"", ""address_state"": ""Uttar Pradesh"", ""city"": ""Lucknow"", ""pincode"": ""226001"", ""address"": {""address_state"": ""Uttar Pradesh"", ""city"": ""Lucknow"", ""pincode"": ""226001""}, ""app_version"": ""v13.1.2"", ""locale"": ""en_IN""}"
CUST-1011,Arunima,Ahuja,arunima.ahuja891@gmail.com,+91-7773715057,2024-06-12,"{""device_type"": ""Android"", ""address_state"": ""Gujarat"", ""city"": ""Vadodara"", ""pincode"": ""390001"", ""address"": {""address_state"": ""Gujarat"", ""city"": ""Vadodara"", ""pincode"": ""390001""}, ""app_version"": ""v13.9.15"", ""locale"": ""en_IN""}"
CUST-1012,Nathaniel,Sami,nathaniel.sami551@outlook.com,+91-6830448745,2026-01-08,"{""device_type"": ""iOS"", ""address_state"": ""Maharashtra"", ""city"": ""Nagpur"", ""pincode"": ""440010"", ""address"": {""address_state"": ""Maharashtra"", ""city"": ""Nagpur"", ""pincode"": ""440010""}, ""app_version"": ""v12.6.6"", ""locale"": ""en_IN""}"
CUST-1013,Harini,Mall,harini.mall474@gmail.com,+91-8637500247,2026-02-19,"{""device_type"": ""Web"", ""address_state"": ""Delhi"", ""city"": ""South Delhi"", ""pincode"": ""110017"", ""address"": {""address_state"": ""Delhi"", ""city"": ""South Delhi"", ""pincode"": ""110017""}, ""app_version"": ""v12.8.20"", ""locale"": ""en_IN""}"
CUST-1014,Nachiket,Kale,nachiket.kale213@yahoo.co.in,+91-8918739736,2024-06-14,"{""device_type"": ""Web"", ""address_state"": ""Kerala"", ""city"": ""Kozhikode"", ""pincode"": ""673001"", ""address"": {""address_state"": ""Kerala"", ""city"": ""Kozhikode"", ""pincode"": ""673001""}, ""app_version"": ""v12.7.1"", ""locale"": ""en_IN""}"
CUST-1015,Gayathri,Chaudry,gayathri.chaudry124@outlook.com,+91-8357109965,2024-02-29,"{""device_type"": ""iOS"", ""address_state"": ""Tamil Nadu"", ""city"": ""Madurai"", ""pincode"": ""625001"", ""address"": {""address_state"": ""Tamil Nadu"", ""city"": ""Madurai"", ""pincode"": ""625001""}, ""app_version"": ""v15.7.3"", ""locale"": ""en_IN""}"
CUST-1016,George,Rai,george.rai788@yahoo.co.in,+91-7808402051,2025-05-01,"{""device_type"": ""Web"", ""address_state"": ""Kerala"", ""city"": ""Kochi"", ""pincode"": ""682016"", ""address"": {""address_state"": ""Kerala"", ""city"": ""Kochi"", ""pincode"": ""682016""}, ""app_version"": ""v16.9.14"", ""locale"": ""en_IN""}"
CUST-1017,Gunbir,Parmer,gunbir.parmer997@yahoo.co.in,+91-7865523129,2024-11-15,"{""device_type"": ""Android"", ""address_state"": ""Gujarat"", ""city"": ""Vadodara"", ""pincode"": ""390020"", ""address"": {""address_state"": ""Gujarat"", ""city"": ""Vadodara"", ""pincode"": ""390020""}, ""app_version"": ""v14.7.4"", ""locale"": ""en_IN""}"
CUST-1018,Hemangini,Lalla,hemangini.lalla263@yahoo.co.in,+91-6463016614,2024-01-22,"{""device_type"": ""Web"", ""address_state"": ""Rajasthan"", ""city"": ""Udaipur"", ""pincode"": ""313001"", ""address"": {""address_state"": ""Rajasthan"", ""city"": ""Udaipur"", ""pincode"": ""313001""}, ""app_version"": ""v11.0.3"", ""locale"": ""en_IN""}"
CUST-1019,Caleb,Sharaf,caleb.sharaf734@gmail.com,+91-7172370545,2024-02-02,"{""device_type"": ""Android"", ""address_state"": ""Uttar Pradesh"", ""city"": ""Noida"", ""pincode"": ""201301"", ""address"": {""address_state"": ""Uttar Pradesh"", ""city"": ""Noida"", ""pincode"": ""201301""}, ""app_version"": ""v15.7.7"", ""locale"": ""en_IN""}"
CUST-1020,Jeet,Radhakrishnan,jeet.radhakrishnan562@yahoo.co.in,+91-9360916298,2026-03-14,"{""device_type"": ""iOS"", ""address_state"": ""West Bengal"", ""city"": ""Siliguri"", ""pincode"": ""734001"", ""address"": {""address_state"": ""West Bengal"", ""city"": ""Siliguri"", ""pincode"": ""734001""}, ""app_version"": ""v10.6.12"", ""locale"": ""en_IN""}"
CUST-1021,Farhan,Memon,farhan.memon443@rediffmail.com,+91-9882839238,2024-02-25,"{""device_type"": ""Web"", ""address_state"": ""Maharashtra"", ""city"": ""Mumbai"", ""pincode"": ""400092"", ""address"": {""address_state"": ""Maharashtra"", ""city"": ""Mumbai"", ""pincode"": ""400092""}, ""app_version"": ""v12.1.8"", ""locale"": ""en_IN""}"
CUST-1022,Janaki,Handa,janaki.handa206@yahoo.co.in,+91-9250519597,2025-03-08,"{""device_type"": ""iOS"", ""address_state"": ""Delhi"", ""city"": ""North Delhi"", ""pincode"": ""110009"", ""address"": {""address_state"": ""Delhi"", ""city"": ""North Delhi"", ""pincode"": ""110009""}, ""app_version"": ""v16.1.15"", ""locale"": ""en_IN""}"
CUST-1023,Ekaraj,Bath,ekaraj.bath837@gmail.com,+91-6800235246,2025-07-07,"{""device_type"": ""iOS"", ""address_state"": ""Karnataka"", ""city"": ""Bengaluru"", ""pincode"": ""560034"", ""address"": {""address_state"": ""Karnataka"", ""city"": ""Bengaluru"", ""pincode"": ""560034""}, ""app_version"": ""v13.7.16"", ""locale"": ""en_IN""}"
CUST-1024,Vedant,Mann,vedant.mann228@rediffmail.com,+91-6276777762,2025-01-23,"{""device_type"": ""Android"", ""address_state"": ""Karnataka"", ""city"": ""Mangaluru"", ""pincode"": ""575003"", ""address"": {""address_state"": ""Karnataka"", ""city"": ""Mangaluru"", ""pincode"": ""575003""}, ""app_version"": ""v12.6.18"", ""locale"": ""en_IN""}"
CUST-1025,Fariq,Kaul,fariq.kaul687@rediffmail.com,+91-7303901283,2024-10-30,"{""device_type"": ""Web"", ""address_state"": ""Tamil Nadu"", ""city"": ""Chennai"", ""pincode"": ""600001"", ""address"": {""address_state"": ""Tamil Nadu"", ""city"": ""Chennai"", ""pincode"": ""600001""}, ""app_version"": ""v12.0.2"", ""locale"": ""en_IN""}"
CUST-1026,Harrison,Rai,harrison.rai608@rediffmail.com,+91-7161073976,2025-06-04,"{""device_type"": ""Web"", ""address_state"": ""Maharashtra"", ""city"": ""Pune"", ""pincode"": ""411001"", ""address"": {""address_state"": ""Maharashtra"", ""city"": ""Pune"", ""pincode"": ""411001""}, ""app_version"": ""v10.3.13"", ""locale"": ""en_IN""}"
CUST-1027,Arunima,Setty,arunima.setty132@yahoo.co.in,+91-6765055833,2024-03-24,"{""device_type"": ""Android"", ""address_state"": ""Gujarat"", ""city"": ""Vadodara"", ""pincode"": ""390020"", ""address"": {""address_state"": ""Gujarat"", ""city"": ""Vadodara"", ""pincode"": ""390020""}, ""app_version"": ""v11.5.8"", ""locale"": ""en_IN""}"
CUST-1028,Janya,Gaba,janya.gaba281@rediffmail.com,+91-7821221887,2025-10-22,"{""device_type"": ""iOS"", ""address_state"": ""Telangana"", ""city"": ""Warangal"", ""pincode"": ""506002"", ""address"": {""address_state"": ""Telangana"", ""city"": ""Warangal"", ""pincode"": ""506002""}, ""app_version"": ""v10.7.20"", ""locale"": ""en_IN""}"
CUST-1029,Kamala,Pant,kamala.pant586@gmail.com,+91-6677280546,2024-08-06,"{""device_type"": ""Android"", ""address_state"": ""Kerala"", ""city"": ""Thiruvananthapuram"", ""pincode"": ""695001"", ""address"": {""address_state"": ""Kerala"", ""city"": ""Thiruvananthapuram"", ""pincode"": ""695001""}, ""app_version"": ""v10.3.12"", ""locale"": ""en_IN""}"
CUST-1030,Shaurya,Loke,shaurya.loke301@yahoo.co.in,+91-9995226828,2025-07-10,"{""device_type"": ""Web"", ""address_state"": ""Telangana"", ""city"": ""Hyderabad"", ""pincode"": ""500081"", ""address"": {""address_state"": ""Telangana"", ""city"": ""Hyderabad"", ""pincode"": ""500081""}, ""app_version"": ""v10.2.9"", ""locale"": ""en_IN""}"
CUST-1031,Ekbal,Garg,ekbal.garg128@gmail.com,+91-7392431670,2024-10-15,"{""device_type"": ""Android"", ""address_state"": ""Rajasthan"", ""city"": ""Jaipur"", ""pincode"": ""302020"", ""address"": {""address_state"": ""Rajasthan"", ""city"": ""Jaipur"", ""pincode"": ""302020""}, ""app_version"": ""v11.4.17"", ""locale"": ""en_IN""}"
CUST-1032,Yash,Gade,yash.gade510@outlook.com,+91-6199104722,2025-10-11,"{""device_type"": ""iOS"", ""address_state"": ""Gujarat"", ""city"": ""Surat"", ""pincode"": ""395001"", ""address"": {""address_state"": ""Gujarat"", ""city"": ""Surat"", ""pincode"": ""395001""}, ""app_version"": ""v12.2.9"", ""locale"": ""en_IN""}"
CUST-1033,Turvi,Raghavan,turvi.raghavan175@rediffmail.com,+91-9702269164,2024-01-10,"{""device_type"": ""Web"", ""address_state"": ""Maharashtra"", ""city"": ""Mumbai"", ""pincode"": ""400050"", ""address"": {""address_state"": ""Maharashtra"", ""city"": ""Mumbai"", ""pincode"": ""400050""}, ""app_version"": ""v10.5.19"", ""locale"": ""en_IN""}"
CUST-1034,Anamika,Kanda,anamika.kanda575@yahoo.co.in,+91-9236843584,2024-02-12,"{""device_type"": ""Android"", ""address_state"": ""Telangana"", ""city"": ""Warangal"", ""pincode"": ""506001"", ""address"": {""address_state"": ""Telangana"", ""city"": ""Warangal"", ""pincode"": ""506001""}, ""app_version"": ""v11.3.4"", ""locale"": ""en_IN""}"
CUST-1035,Ekta,Bhalla,ekta.bhalla372@rediffmail.com,+91-7354194771,2024-06-15,"{""device_type"": ""iOS"", ""address_state"": ""Delhi"", ""city"": ""North Delhi"", ""pincode"": ""110007"", ""address"": {""address_state"": ""Delhi"", ""city"": ""North Delhi"", ""pincode"": ""110007""}, ""app_version"": ""v15.5.14"", ""locale"": ""en_IN""}"
CUST-1036,Veer,Balay,veer.balay831@yahoo.co.in,+91-8270937380,2026-03-17,"{""device_type"": ""Android"", ""address_state"": ""Maharashtra"", ""city"": ""Nashik"", ""pincode"": ""422001"", ""address"": {""address_state"": ""Maharashtra"", ""city"": ""Nashik"", ""pincode"": ""422001""}, ""app_version"": ""v11.3.15"", ""locale"": ""en_IN""}"
CUST-1037,Diya,Rattan,diya.rattan368@outlook.com,+91-7339362341,2024-01-25,"{""device_type"": ""Android"", ""address_state"": ""Tamil Nadu"", ""city"": ""Coimbatore"", ""pincode"": ""641018"", ""address"": {""address_state"": ""Tamil Nadu"", ""city"": ""Coimbatore"", ""pincode"": ""641018""}, ""app_version"": ""v16.1.9"", ""locale"": ""en_IN""}"
CUST-1038,Amrita,Bhatti,amrita.bhatti369@rediffmail.com,+91-8129635852,2024-04-28,"{""device_type"": ""iOS"", ""address_state"": ""Telangana"", ""city"": ""Hyderabad"", ""pincode"": ""500081"", ""address"": {""address_state"": ""Telangana"", ""city"": ""Hyderabad"", ""pincode"": ""500081""}, ""app_version"": ""v10.9.14"", ""locale"": ""en_IN""}"
CUST-1039,Siddharth,Murty,siddharth.murty363@outlook.com,+91-9750911797,2025-06-07,"{""device_type"": ""Android"", ""address_state"": ""Maharashtra"", ""city"": ""Nashik"", ""pincode"": ""422001"", ""address"": {""address_state"": ""Maharashtra"", ""city"": ""Nashik"", ""pincode"": ""422001""}, ""app_version"": ""v10.6.1"", ""locale"": ""en_IN""}"
CUST-1040,Simon,Tata,simon.tata542@yahoo.co.in,+91-8563102056,2024-03-12,"{""device_type"": ""Web"", ""address_state"": ""Uttar Pradesh"", ""city"": ""Kanpur"", ""pincode"": ""208001"", ""address"": {""address_state"": ""Uttar Pradesh"", ""city"": ""Kanpur"", ""pincode"": ""208001""}, ""app_version"": ""v12.8.10"", ""locale"": ""en_IN""}"
CUST-1041,Meghana,Shanker,meghana.shanker692@rediffmail.com,+91-8532074125,2025-12-14,"{""device_type"": ""Android"", ""address_state"": ""Telangana"", ""city"": ""Hyderabad"", ""pincode"": ""500032"", ""address"": {""address_state"": ""Telangana"", ""city"": ""Hyderabad"", ""pincode"": ""500032""}, ""app_version"": ""v15.6.6"", ""locale"": ""en_IN""}"
CUST-1042,Luke,Lanka,luke.lanka640@outlook.com,+91-9688343096,2024-01-01,"{""device_type"": ""Android"", ""address_state"": ""Telangana"", ""city"": ""Warangal"", ""pincode"": ""506001"", ""address"": {""address_state"": ""Telangana"", ""city"": ""Warangal"", ""pincode"": ""506001""}, ""app_version"": ""v16.9.20"", ""locale"": ""en_IN""}"
CUST-1043,Liam,Koshy,liam.koshy680@outlook.com,+91-9574364121,2025-03-28,"{""device_type"": ""Web"", ""address_state"": ""Tamil Nadu"", ""city"": ""Madurai"", ""pincode"": ""625020"", ""address"": {""address_state"": ""Tamil Nadu"", ""city"": ""Madurai"", ""pincode"": ""625020""}, ""app_version"": ""v11.1.10"", ""locale"": ""en_IN""}"
CUST-1044,Adya,Sangha,adya.sangha537@outlook.com,+91-6978775497,2026-02-08,"{""device_type"": ""iOS"", ""address_state"": ""Tamil Nadu"", ""city"": ""Madurai"", ""pincode"": ""625020"", ""address"": {""address_state"": ""Tamil Nadu"", ""city"": ""Madurai"", ""pincode"": ""625020""}, ""app_version"": ""v16.3.5"", ""locale"": ""en_IN""}"
CUST-1045,Mohini,Pathak,mohini.pathak35@gmail.com,+91-7610173760,2025-09-17,"{""device_type"": ""Web"", ""address_state"": ""Maharashtra"", ""city"": ""Nashik"", ""pincode"": ""422009"", ""address"": {""address_state"": ""Maharashtra"", ""city"": ""Nashik"", ""pincode"": ""422009""}, ""app_version"": ""v14.3.13"", ""locale"": ""en_IN""}"
CUST-1046,Theodore,Devi,theodore.devi516@rediffmail.com,+91-7258453521,2025-11-02,"{""device_type"": ""iOS"", ""address_state"": ""Karnataka"", ""city"": ""Bengaluru"", ""pincode"": ""560100"", ""address"": {""address_state"": ""Karnataka"", ""city"": ""Bengaluru"", ""pincode"": ""560100""}, ""app_version"": ""v11.8.15"", ""locale"": ""en_IN""}"
CUST-1047,Yashodhara,Tak,yashodhara.tak61@yahoo.co.in,+91-6590122159,2024-05-16,"{""device_type"": ""Android"", ""address_state"": ""West Bengal"", ""city"": ""Howrah"", ""pincode"": ""711104"", ""address"": {""address_state"": ""West Bengal"", ""city"": ""Howrah"", ""pincode"": ""711104""}, ""app_version"": ""v14.8.14"", ""locale"": ""en_IN""}"
CUST-1048,Gavin,Batta,gavin.batta860@rediffmail.com,+91-7898493949,2025-05-01,"{""device_type"": ""Web"", ""address_state"": ""West Bengal"", ""city"": ""Siliguri"", ""pincode"": ""734001"", ""address"": {""address_state"": ""West Bengal"", ""city"": ""Siliguri"", ""pincode"": ""734001""}, ""app_version"": ""v12.8.16"", ""locale"": ""en_IN""}"
CUST-1049,Imaran,Dua,imaran.dua651@yahoo.co.in,+91-8572309605,2024-03-20,"{""device_type"": ""Android"", ""address_state"": ""Telangana"", ""city"": ""Hyderabad"", ""pincode"": ""500081"", ""address"": {""address_state"": ""Telangana"", ""city"": ""Hyderabad"", ""pincode"": ""500081""}, ""app_version"": ""v12.8.3"", ""locale"": ""en_IN""}"
CUST-1050,Nathaniel,Sami,nathaniel.sami151@yahoo.co.in,+91-7511281012,2025-12-11,"{""device_type"": ""iOS"", ""address_state"": ""Delhi"", ""city"": ""South Delhi"", ""pincode"": ""110017"", ""address"": {""address_state"": ""Delhi"", ""city"": ""South Delhi"", ""pincode"": ""110017""}, ""app_version"": ""v13.6.11"", ""locale"": ""en_IN""}"
CUST-1051,Devansh,Rajan,devansh.rajan565@rediffmail.com,+91-9166857303,2024-07-30,"{""device_type"": ""Web"", ""address_state"": ""Gujarat"", ""city"": ""Surat"", ""pincode"": ""395001"", ""address"": {""address_state"": ""Gujarat"", ""city"": ""Surat"", ""pincode"": ""395001""}, ""app_version"": ""v13.7.1"", ""locale"": ""en_IN""}"
CUST-1052,Lakshmi,Sidhu,lakshmi.sidhu975@outlook.com,+91-8909037759,2025-02-03,"{""device_type"": ""Android"", ""address_state"": ""Gujarat"", ""city"": ""Vadodara"", ""pincode"": ""390001"", ""address"": {""address_state"": ""Gujarat"", ""city"": ""Vadodara"", ""pincode"": ""390001""}, ""app_version"": ""v11.4.14"", ""locale"": ""en_IN""}"
CUST-1053,Zayan,Apte,zayan.apte507@gmail.com,+91-9460916347,2025-11-15,"{""device_type"": ""Android"", ""address_state"": ""Gujarat"", ""city"": ""Vadodara"", ""pincode"": ""390001"", ""address"": {""address_state"": ""Gujarat"", ""city"": ""Vadodara"", ""pincode"": ""390001""}, ""app_version"": ""v11.9.18"", ""locale"": ""en_IN""}"
CUST-1054,Ishwar,Yadav,ishwar.yadav37@rediffmail.com,+91-6190137896,2025-10-20,"{""device_type"": ""iOS"", ""address_state"": ""Gujarat"", ""city"": ""Ahmedabad"", ""pincode"": ""380015"", ""address"": {""address_state"": ""Gujarat"", ""city"": ""Ahmedabad"", ""pincode"": ""380015""}, ""app_version"": ""v10.4.13"", ""locale"": ""en_IN""}"
CUST-1055,Amara,Oak,amara.oak345@yahoo.co.in,+91-9450948014,2024-12-11,"{""device_type"": ""Android"", ""address_state"": ""Gujarat"", ""city"": ""Surat"", ""pincode"": ""395007"", ""address"": {""address_state"": ""Gujarat"", ""city"": ""Surat"", ""pincode"": ""395007""}, ""app_version"": ""v16.1.16"", ""locale"": ""en_IN""}"
CUST-1056,Isaac,Memon,isaac.memon29@gmail.com,+91-8340756713,2025-10-27,"{""device_type"": ""iOS"", ""address_state"": ""Maharashtra"", ""city"": ""Mumbai"", ""pincode"": ""400001"", ""address"": {""address_state"": ""Maharashtra"", ""city"": ""Mumbai"", ""pincode"": ""400001""}, ""app_version"": ""v11.0.20"", ""locale"": ""en_IN""}"
CUST-1057,Radhika,Dugar,radhika.dugar166@yahoo.co.in,+91-7608482316,2025-11-16,"{""device_type"": ""Web"", ""address_state"": ""Maharashtra"", ""city"": ""Pune"", ""pincode"": ""411057"", ""address"": {""address_state"": ""Maharashtra"", ""city"": ""Pune"", ""pincode"": ""411057""}, ""app_version"": ""v12.5.6"", ""locale"": ""en_IN""}"
CUST-1058,Sudiksha,Aggarwal,sudiksha.aggarwal630@gmail.com,+91-7433975497,2024-04-20,"{""device_type"": ""Web"", ""address_state"": ""Rajasthan"", ""city"": ""Jaipur"", ""pincode"": ""302017"", ""address"": {""address_state"": ""Rajasthan"", ""city"": ""Jaipur"", ""pincode"": ""302017""}, ""app_version"": ""v15.6.13"", ""locale"": ""en_IN""}"
CUST-1059,Adya,Tella,adya.tella974@yahoo.co.in,+91-6735760237,2025-12-08,"{""device_type"": ""Web"", ""address_state"": ""Tamil Nadu"", ""city"": ""Chennai"", ""pincode"": ""600040"", ""address"": {""address_state"": ""Tamil Nadu"", ""city"": ""Chennai"", ""pincode"": ""600040""}, ""app_version"": ""v14.1.19"", ""locale"": ""en_IN""}"
CUST-1060,Pranav,Tripathi,pranav.tripathi811@gmail.com,+91-8672030854,2025-03-14,"{""device_type"": ""iOS"", ""address_state"": ""Uttar Pradesh"", ""city"": ""Noida"", ""pincode"": ""201304"", ""address"": {""address_state"": ""Uttar Pradesh"", ""city"": ""Noida"", ""pincode"": ""201304""}, ""app_version"": ""v16.6.16"", ""locale"": ""en_IN""}"
CUST-1061,Hitesh,Misra,hitesh.misra118@rediffmail.com,+91-8782454310,2025-04-15,"{""device_type"": ""Web"", ""address_state"": ""Delhi"", ""city"": ""North Delhi"", ""pincode"": ""110007"", ""address"": {""address_state"": ""Delhi"", ""city"": ""North Delhi"", ""pincode"": ""110007""}, ""app_version"": ""v14.4.20"", ""locale"": ""en_IN""}"
CUST-1062,Yashica,Issac,yashica.issac837@rediffmail.com,+91-9567694547,2026-01-18,"{""device_type"": ""iOS"", ""address_state"": ""Rajasthan"", ""city"": ""Jodhpur"", ""pincode"": ""342008"", ""address"": {""address_state"": ""Rajasthan"", ""city"": ""Jodhpur"", ""pincode"": ""342008""}, ""app_version"": ""v16.1.9"", ""locale"": ""en_IN""}"
CUST-1063,Michael,Prakash,michael.prakash912@rediffmail.com,+91-7905817775,2025-04-20,"{""device_type"": ""Android"", ""address_state"": ""Rajasthan"", ""city"": ""Udaipur"", ""pincode"": ""313002"", ""address"": {""address_state"": ""Rajasthan"", ""city"": ""Udaipur"", ""pincode"": ""313002""}, ""app_version"": ""v10.7.11"", ""locale"": ""en_IN""}"
CUST-1064,Neel,Zacharia,neel.zacharia196@rediffmail.com,+91-7480990401,2026-03-27,"{""device_type"": ""Web"", ""address_state"": ""Telangana"", ""city"": ""Warangal"", ""pincode"": ""506002"", ""address"": {""address_state"": ""Telangana"", ""city"": ""Warangal"", ""pincode"": ""506002""}, ""app_version"": ""v15.4.18"", ""locale"": ""en_IN""}"
CUST-1065,Aadi,Naik,aadi.naik20@yahoo.co.in,+91-6359154084,2026-01-07,"{""device_type"": ""Web"", ""address_state"": ""Gujarat"", ""city"": ""Surat"", ""pincode"": ""395001"", ""address"": {""address_state"": ""Gujarat"", ""city"": ""Surat"", ""pincode"": ""395001""}, ""app_version"": ""v13.7.15"", ""locale"": ""en_IN""}"
CUST-1066,Vrinda,Bahl,vrinda.bahl821@gmail.com,+91-6415933049,2024-08-14,"{""device_type"": ""Android"", ""address_state"": ""Gujarat"", ""city"": ""Vadodara"", ""pincode"": ""390001"", ""address"": {""address_state"": ""Gujarat"", ""city"": ""Vadodara"", ""pincode"": ""390001""}, ""app_version"": ""v15.9.12"", ""locale"": ""en_IN""}"
CUST-1067,Isaac,Patil,isaac.patil494@outlook.com,+91-9900942073,2025-07-17,"{""device_type"": ""Android"", ""address_state"": ""Uttar Pradesh"", ""city"": ""Kanpur"", ""pincode"": ""208012"", ""address"": {""address_state"": ""Uttar Pradesh"", ""city"": ""Kanpur"", ""pincode"": ""208012""}, ""app_version"": ""v12.4.8"", ""locale"": ""en_IN""}"
CUST-1068,Damyanti,Khatri,damyanti.khatri133@yahoo.co.in,+91-8228370927,2026-01-30,"{""device_type"": ""iOS"", ""address_state"": ""Kerala"", ""city"": ""Kozhikode"", ""pincode"": ""673001"", ""address"": {""address_state"": ""Kerala"", ""city"": ""Kozhikode"", ""pincode"": ""673001""}, ""app_version"": ""v11.7.9"", ""locale"": ""en_IN""}"
CUST-1069,Dalbir,Khosla,dalbir.khosla751@outlook.com,+91-6994027897,2024-07-17,"{""device_type"": ""iOS"", ""address_state"": ""Telangana"", ""city"": ""Hyderabad"", ""pincode"": ""500081"", ""address"": {""address_state"": ""Telangana"", ""city"": ""Hyderabad"", ""pincode"": ""500081""}, ""app_version"": ""v12.0.18"", ""locale"": ""en_IN""}"
CUST-1070,Farhan,Chada,farhan.chada139@outlook.com,+91-6158546865,2025-07-20,"{""device_type"": ""iOS"", ""address_state"": ""Telangana"", ""city"": ""Hyderabad"", ""pincode"": ""500084"", ""address"": {""address_state"": ""Telangana"", ""city"": ""Hyderabad"", ""pincode"": ""500084""}, ""app_version"": ""v16.0.19"", ""locale"": ""en_IN""}"
CUST-1071,Vedika,Biswas,vedika.biswas301@rediffmail.com,+91-9572949775,2024-12-14,"{""device_type"": ""Android"", ""address_state"": ""Delhi"", ""city"": ""New Delhi"", ""pincode"": ""110020"", ""address"": {""address_state"": ""Delhi"", ""city"": ""New Delhi"", ""pincode"": ""110020""}, ""app_version"": ""v10.1.13"", ""locale"": ""en_IN""}"
CUST-1072,Jeremiah,Dave,jeremiah.dave513@gmail.com,+91-6262915636,2024-06-01,"{""device_type"": ""iOS"", ""address_state"": ""Rajasthan"", ""city"": ""Jodhpur"", ""pincode"": ""342001"", ""address"": {""address_state"": ""Rajasthan"", ""city"": ""Jodhpur"", ""pincode"": ""342001""}, ""app_version"": ""v10.8.14"", ""locale"": ""en_IN""}"
CUST-1073,Vaishnavi,Gandhi,vaishnavi.gandhi630@yahoo.co.in,+91-9583736219,2025-03-29,"{""device_type"": ""Web"", ""address_state"": ""Telangana"", ""city"": ""Warangal"", ""pincode"": ""506002"", ""address"": {""address_state"": ""Telangana"", ""city"": ""Warangal"", ""pincode"": ""506002""}, ""app_version"": ""v14.0.20"", ""locale"": ""en_IN""}"
CUST-1074,Alka,Wable,alka.wable993@gmail.com,+91-7771641650,2024-08-04,"{""device_type"": ""iOS"", ""address_state"": ""Telangana"", ""city"": ""Hyderabad"", ""pincode"": ""500032"", ""address"": {""address_state"": ""Telangana"", ""city"": ""Hyderabad"", ""pincode"": ""500032""}, ""app_version"": ""v11.8.3"", ""locale"": ""en_IN""}"
CUST-1075,Pallavi,Kakar,pallavi.kakar170@gmail.com,+91-9583724666,2025-12-06,"{""device_type"": ""iOS"", ""address_state"": ""Rajasthan"", ""city"": ""Jodhpur"", ""pincode"": ""342008"", ""address"": {""address_state"": ""Rajasthan"", ""city"": ""Jodhpur"", ""pincode"": ""342008""}, ""app_version"": ""v11.4.10"", ""locale"": ""en_IN""}"
CUST-1076,Sai,Muni,sai.muni729@rediffmail.com,+91-6838073939,2024-08-27,"{""device_type"": ""iOS"", ""address_state"": ""Telangana"", ""city"": ""Hyderabad"", ""pincode"": ""500084"", ""address"": {""address_state"": ""Telangana"", ""city"": ""Hyderabad"", ""pincode"": ""500084""}, ""app_version"": ""v14.3.5"", ""locale"": ""en_IN""}"
CUST-1077,Mohini,Prakash,mohini.prakash940@outlook.com,+91-7176675731,2024-03-02,"{""device_type"": ""Android"", ""address_state"": ""Delhi"", ""city"": ""North Delhi"", ""pincode"": ""110009"", ""address"": {""address_state"": ""Delhi"", ""city"": ""North Delhi"", ""pincode"": ""110009""}, ""app_version"": ""v10.7.10"", ""locale"": ""en_IN""}"
CUST-1078,Raksha,Varughese,raksha.varughese726@rediffmail.com,+91-8637377910,2025-07-06,"{""device_type"": ""Web"", ""address_state"": ""West Bengal"", ""city"": ""Siliguri"", ""pincode"": ""734001"", ""address"": {""address_state"": ""West Bengal"", ""city"": ""Siliguri"", ""pincode"": ""734001""}, ""app_version"": ""v10.6.11"", ""locale"": ""en_IN""}"
CUST-1079,Siya,Dara,siya.dara628@outlook.com,+91-6198061499,2024-08-22,"{""device_type"": ""Web"", ""address_state"": ""Rajasthan"", ""city"": ""Udaipur"", ""pincode"": ""313001"", ""address"": {""address_state"": ""Rajasthan"", ""city"": ""Udaipur"", ""pincode"": ""313001""}, ""app_version"": ""v16.4.19"", ""locale"": ""en_IN""}"
CUST-1080,Yug,Kar,yug.kar51@yahoo.co.in,+91-9657233178,2025-10-29,"{""device_type"": ""Web"", ""address_state"": ""West Bengal"", ""city"": ""Siliguri"", ""pincode"": ""734001"", ""address"": {""address_state"": ""West Bengal"", ""city"": ""Siliguri"", ""pincode"": ""734001""}, ""app_version"": ""v13.7.3"", ""locale"": ""en_IN""}"
CUST-1081,Devansh,Nigam,devansh.nigam491@outlook.com,+91-9457887167,2024-11-24,"{""device_type"": ""Android"", ""address_state"": ""Maharashtra"", ""city"": ""Pune"", ""pincode"": ""411038"", ""address"": {""address_state"": ""Maharashtra"", ""city"": ""Pune"", ""pincode"": ""411038""}, ""app_version"": ""v15.7.10"", ""locale"": ""en_IN""}"
CUST-1082,Ansh,Karpe,ansh.karpe688@rediffmail.com,+91-6588365604,2024-03-31,"{""device_type"": ""iOS"", ""address_state"": ""Uttar Pradesh"", ""city"": ""Kanpur"", ""pincode"": ""208012"", ""address"": {""address_state"": ""Uttar Pradesh"", ""city"": ""Kanpur"", ""pincode"": ""208012""}, ""app_version"": ""v16.6.17"", ""locale"": ""en_IN""}"
CUST-1083,Thomas,Amble,thomas.amble854@gmail.com,+91-9543721204,2024-02-25,"{""device_type"": ""Web"", ""address_state"": ""Tamil Nadu"", ""city"": ""Madurai"", ""pincode"": ""625020"", ""address"": {""address_state"": ""Tamil Nadu"", ""city"": ""Madurai"", ""pincode"": ""625020""}, ""app_version"": ""v16.7.15"", ""locale"": ""en_IN""}"
CUST-1084,Ekavir,Bhargava,ekavir.bhargava788@gmail.com,+91-7386749454,2025-07-16,"{""device_type"": ""Web"", ""address_state"": ""Delhi"", ""city"": ""North Delhi"", ""pincode"": ""110009"", ""address"": {""address_state"": ""Delhi"", ""city"": ""North Delhi"", ""pincode"": ""110009""}, ""app_version"": ""v13.1.1"", ""locale"": ""en_IN""}"
CUST-1085,Veer,Bir,veer.bir655@yahoo.co.in,+91-7433665422,2025-07-18,"{""device_type"": ""iOS"", ""address_state"": ""Karnataka"", ""city"": ""Mangaluru"", ""pincode"": ""575001"", ""address"": {""address_state"": ""Karnataka"", ""city"": ""Mangaluru"", ""pincode"": ""575001""}, ""app_version"": ""v16.1.15"", ""locale"": ""en_IN""}"
CUST-1086,Azad,Narayanan,azad.narayanan979@gmail.com,+91-7635126623,2026-01-03,"{""device_type"": ""Android"", ""address_state"": ""Telangana"", ""city"": ""Warangal"", ""pincode"": ""506002"", ""address"": {""address_state"": ""Telangana"", ""city"": ""Warangal"", ""pincode"": ""506002""}, ""app_version"": ""v13.3.15"", ""locale"": ""en_IN""}"
CUST-1087,Ekavir,Varkey,ekavir.varkey574@yahoo.co.in,+91-9304666325,2025-09-05,"{""device_type"": ""iOS"", ""address_state"": ""Kerala"", ""city"": ""Kozhikode"", ""pincode"": ""673001"", ""address"": {""address_state"": ""Kerala"", ""city"": ""Kozhikode"", ""pincode"": ""673001""}, ""app_version"": ""v12.6.11"", ""locale"": ""en_IN""}"
CUST-1088,Wazir,Mallick,wazir.mallick966@outlook.com,+91-6403696046,2026-01-13,"{""device_type"": ""Android"", ""address_state"": ""Telangana"", ""city"": ""Warangal"", ""pincode"": ""506001"", ""address"": {""address_state"": ""Telangana"", ""city"": ""Warangal"", ""pincode"": ""506001""}, ""app_version"": ""v14.7.12"", ""locale"": ""en_IN""}"
CUST-1089,Vedika,Kala,vedika.kala350@rediffmail.com,+91-9445505799,2024-07-12,"{""device_type"": ""iOS"", ""address_state"": ""Tamil Nadu"", ""city"": ""Madurai"", ""pincode"": ""625020"", ""address"": {""address_state"": ""Tamil Nadu"", ""city"": ""Madurai"", ""pincode"": ""625020""}, ""app_version"": ""v16.6.2"", ""locale"": ""en_IN""}"
CUST-1090,Kevin,Solanki,kevin.solanki335@rediffmail.com,+91-9514548900,2025-11-10,"{""device_type"": ""iOS"", ""address_state"": ""Delhi"", ""city"": ""North Delhi"", ""pincode"": ""110007"", ""address"": {""address_state"": ""Delhi"", ""city"": ""North Delhi"", ""pincode"": ""110007""}, ""app_version"": ""v14.9.11"", ""locale"": ""en_IN""}"
CUST-1091,Xavier,Solanki,xavier.solanki900@gmail.com,+91-9207064620,2025-06-22,"{""device_type"": ""Android"", ""address_state"": ""West Bengal"", ""city"": ""Kolkata"", ""pincode"": ""700020"", ""address"": {""address_state"": ""West Bengal"", ""city"": ""Kolkata"", ""pincode"": ""700020""}, ""app_version"": ""v16.2.3"", ""locale"": ""en_IN""}"
CUST-1092,Niharika,Gupta,niharika.gupta490@outlook.com,+91-8769219685,2025-12-10,"{""device_type"": ""Android"", ""address_state"": ""Gujarat"", ""city"": ""Vadodara"", ""pincode"": ""390001"", ""address"": {""address_state"": ""Gujarat"", ""city"": ""Vadodara"", ""pincode"": ""390001""}, ""app_version"": ""v16.8.13"", ""locale"": ""en_IN""}"
CUST-1093,Girindra,Chatterjee,girindra.chatterjee987@outlook.com,+91-9680911523,2024-02-06,"{""device_type"": ""Web"", ""address_state"": ""Rajasthan"", ""city"": ""Jaipur"", ""pincode"": ""302001"", ""address"": {""address_state"": ""Rajasthan"", ""city"": ""Jaipur"", ""pincode"": ""302001""}, ""app_version"": ""v15.4.8"", ""locale"": ""en_IN""}"
CUST-1094,Raagini,Pandya,raagini.pandya774@gmail.com,+91-9205702499,2026-02-17,"{""device_type"": ""Web"", ""address_state"": ""Maharashtra"", ""city"": ""Nashik"", ""pincode"": ""422001"", ""address"": {""address_state"": ""Maharashtra"", ""city"": ""Nashik"", ""pincode"": ""422001""}, ""app_version"": ""v12.0.2"", ""locale"": ""en_IN""}"
CUST-1095,Pallavi,Roy,pallavi.roy342@gmail.com,+91-8484897084,2025-01-18,"{""device_type"": ""Web"", ""address_state"": ""Gujarat"", ""city"": ""Ahmedabad"", ""pincode"": ""380001"", ""address"": {""address_state"": ""Gujarat"", ""city"": ""Ahmedabad"", ""pincode"": ""380001""}, ""app_version"": ""v13.9.6"", ""locale"": ""en_IN""}"
CUST-1096,Unni,Bhagat,unni.bhagat184@yahoo.co.in,+91-6754436820,2025-01-26,"{""device_type"": ""Android"", ""address_state"": ""Rajasthan"", ""city"": ""Udaipur"", ""pincode"": ""313001"", ""address"": {""address_state"": ""Rajasthan"", ""city"": ""Udaipur"", ""pincode"": ""313001""}, ""app_version"": ""v14.2.8"", ""locale"": ""en_IN""}"
CUST-1097,Guneet,Bhat,guneet.bhat482@outlook.com,+91-9374154962,2025-11-13,"{""device_type"": ""Web"", ""address_state"": ""Karnataka"", ""city"": ""Mangaluru"", ""pincode"": ""575003"", ""address"": {""address_state"": ""Karnataka"", ""city"": ""Mangaluru"", ""pincode"": ""575003""}, ""app_version"": ""v14.2.3"", ""locale"": ""en_IN""}"
CUST-1098,Neha,Nori,neha.nori462@outlook.com,+91-8786055206,2025-03-10,"{""device_type"": ""iOS"", ""address_state"": ""Telangana"", ""city"": ""Warangal"", ""pincode"": ""506002"", ""address"": {""address_state"": ""Telangana"", ""city"": ""Warangal"", ""pincode"": ""506002""}, ""app_version"": ""v13.7.4"", ""locale"": ""en_IN""}"
CUST-1099,Ikbal,Kothari,ikbal.kothari252@rediffmail.com,+91-8717199615,2024-10-29,"{""device_type"": ""Android"", ""address_state"": ""Telangana"", ""city"": ""Hyderabad"", ""pincode"": ""500084"", ""address"": {""address_state"": ""Telangana"", ""city"": ""Hyderabad"", ""pincode"": ""500084""}, ""app_version"": ""v10.9.2"", ""locale"": ""en_IN""}"
CUST-1100,Rehaan,Gupta,rehaan.gupta942@rediffmail.com,+91-8932945529,2026-03-29,"{""device_type"": ""iOS"", ""address_state"": ""Tamil Nadu"", ""city"": ""Madurai"", ""pincode"": ""625020"", ""address"": {""address_state"": ""Tamil Nadu"", ""city"": ""Madurai"", ""pincode"": ""625020""}, ""app_version"": ""v15.3.20"", ""locale"": ""en_IN""}"
CUST-1101,Saumya,Dey,saumya.dey266@yahoo.co.in,+91-6773728014,2025-10-23,"{""device_type"": ""iOS"", ""address_state"": ""Karnataka"", ""city"": ""Hubballi"", ""pincode"": ""580029"", ""address"": {""address_state"": ""Karnataka"", ""city"": ""Hubballi"", ""pincode"": ""580029""}, ""app_version"": ""v14.5.5"", ""locale"": ""en_IN""}"
CUST-1102,Pahal,Goswami,pahal.goswami102@outlook.com,+91-8902601465,2025-03-01,"{""device_type"": ""Web"", ""address_state"": ""Delhi"", ""city"": ""New Delhi"", ""pincode"": ""110016"", ""address"": {""address_state"": ""Delhi"", ""city"": ""New Delhi"", ""pincode"": ""110016""}, ""app_version"": ""v12.8.17"", ""locale"": ""en_IN""}"
CUST-1103,Arya,Shere,arya.shere945@outlook.com,+91-7375919523,2025-05-08,"{""device_type"": ""Android"", ""address_state"": ""Telangana"", ""city"": ""Warangal"", ""pincode"": ""506001"", ""address"": {""address_state"": ""Telangana"", ""city"": ""Warangal"", ""pincode"": ""506001""}, ""app_version"": ""v10.2.8"", ""locale"": ""en_IN""}"
CUST-1104,Zaid,Borra,zaid.borra890@rediffmail.com,+91-8196961971,2026-03-20,"{""device_type"": ""Web"", ""address_state"": ""Gujarat"", ""city"": ""Ahmedabad"", ""pincode"": ""380015"", ""address"": {""address_state"": ""Gujarat"", ""city"": ""Ahmedabad"", ""pincode"": ""380015""}, ""app_version"": ""v10.7.12"", ""locale"": ""en_IN""}"
CUST-1105,Saanvi,Chaudhari,saanvi.chaudhari698@outlook.com,+91-9983063850,2025-10-15,"{""device_type"": ""Android"", ""address_state"": ""Uttar Pradesh"", ""city"": ""Noida"", ""pincode"": ""201301"", ""address"": {""address_state"": ""Uttar Pradesh"", ""city"": ""Noida"", ""pincode"": ""201301""}, ""app_version"": ""v10.9.18"", ""locale"": ""en_IN""}"
CUST-1106,Chandresh,Zachariah,chandresh.zachariah345@yahoo.co.in,+91-6782259766,2025-04-20,"{""device_type"": ""iOS"", ""address_state"": ""Telangana"", ""city"": ""Warangal"", ""pincode"": ""506001"", ""address"": {""address_state"": ""Telangana"", ""city"": ""Warangal"", ""pincode"": ""506001""}, ""app_version"": ""v10.0.10"", ""locale"": ""en_IN""}"
CUST-1107,Alexander,Chander,alexander.chander514@gmail.com,+91-6352114611,2025-07-04,"{""device_type"": ""Android"", ""address_state"": ""Delhi"", ""city"": ""North Delhi"", ""pincode"": ""110009"", ""address"": {""address_state"": ""Delhi"", ""city"": ""North Delhi"", ""pincode"": ""110009""}, ""app_version"": ""v15.8.14"", ""locale"": ""en_IN""}"
CUST-1108,Warjas,Ganesan,warjas.ganesan611@yahoo.co.in,+91-9803217037,2024-04-11,"{""device_type"": ""Android"", ""address_state"": ""West Bengal"", ""city"": ""Howrah"", ""pincode"": ""711104"", ""address"": {""address_state"": ""West Bengal"", ""city"": ""Howrah"", ""pincode"": ""711104""}, ""app_version"": ""v10.5.7"", ""locale"": ""en_IN""}"
CUST-1109,Niharika,Sunder,niharika.sunder464@rediffmail.com,+91-7489431174,2024-04-11,"{""device_type"": ""Android"", ""address_state"": ""Uttar Pradesh"", ""city"": ""Kanpur"", ""pincode"": ""208001"", ""address"": {""address_state"": ""Uttar Pradesh"", ""city"": ""Kanpur"", ""pincode"": ""208001""}, ""app_version"": ""v12.3.4"", ""locale"": ""en_IN""}"
CUST-1110,Vasana,Kala,vasana.kala981@rediffmail.com,+91-6811642514,2024-08-05,"{""device_type"": ""Android"", ""address_state"": ""Rajasthan"", ""city"": ""Jaipur"", ""pincode"": ""302001"", ""address"": {""address_state"": ""Rajasthan"", ""city"": ""Jaipur"", ""pincode"": ""302001""}, ""app_version"": ""v11.2.19"", ""locale"": ""en_IN""}"
CUST-1111,Nandini,Bhargava,nandini.bhargava220@gmail.com,+91-7729624046,2024-08-09,"{""device_type"": ""Web"", ""address_state"": ""Tamil Nadu"", ""city"": ""Coimbatore"", ""pincode"": ""641001"", ""address"": {""address_state"": ""Tamil Nadu"", ""city"": ""Coimbatore"", ""pincode"": ""641001""}, ""app_version"": ""v10.4.5"", ""locale"": ""en_IN""}"
CUST-1112,Nitesh,Raghavan,nitesh.raghavan143@outlook.com,+91-7218032515,2025-11-07,"{""device_type"": ""Android"", ""address_state"": ""Karnataka"", ""city"": ""Mysuru"", ""pincode"": ""570001"", ""address"": {""address_state"": ""Karnataka"", ""city"": ""Mysuru"", ""pincode"": ""570001""}, ""app_version"": ""v16.3.19"", ""locale"": ""en_IN""}"
CUST-1113,Aarnav,Ramakrishnan,aarnav.ramakrishnan341@gmail.com,+91-7384936197,2024-02-23,"{""device_type"": ""Web"", ""address_state"": ""Delhi"", ""city"": ""South Delhi"", ""pincode"": ""110048"", ""address"": {""address_state"": ""Delhi"", ""city"": ""South Delhi"", ""pincode"": ""110048""}, ""app_version"": ""v10.1.16"", ""locale"": ""en_IN""}"
CUST-1114,Alka,Sha,alka.sha469@outlook.com,+91-6585337126,2025-05-30,"{""device_type"": ""Web"", ""address_state"": ""Tamil Nadu"", ""city"": ""Madurai"", ""pincode"": ""625001"", ""address"": {""address_state"": ""Tamil Nadu"", ""city"": ""Madurai"", ""pincode"": ""625001""}, ""app_version"": ""v16.8.10"", ""locale"": ""en_IN""}"
CUST-1115,Bhavika,Sampath,bhavika.sampath479@gmail.com,+91-6614302907,2025-02-15,"{""device_type"": ""Android"", ""address_state"": ""Gujarat"", ""city"": ""Vadodara"", ""pincode"": ""390001"", ""address"": {""address_state"": ""Gujarat"", ""city"": ""Vadodara"", ""pincode"": ""390001""}, ""app_version"": ""v15.7.3"", ""locale"": ""en_IN""}"
CUST-1116,Vidhi,Dubey,vidhi.dubey930@gmail.com,+91-8753154389,2024-05-31,"{""device_type"": ""Web"", ""address_state"": ""Maharashtra"", ""city"": ""Pune"", ""pincode"": ""411038"", ""address"": {""address_state"": ""Maharashtra"", ""city"": ""Pune"", ""pincode"": ""411038""}, ""app_version"": ""v15.9.18"", ""locale"": ""en_IN""}"
CUST-1117,Ranveer,Minhas,ranveer.minhas739@outlook.com,+91-9741444618,2025-06-27,"{""device_type"": ""iOS"", ""address_state"": ""Telangana"", ""city"": ""Warangal"", ""pincode"": ""506002"", ""address"": {""address_state"": ""Telangana"", ""city"": ""Warangal"", ""pincode"": ""506002""}, ""app_version"": ""v16.1.18"", ""locale"": ""en_IN""}"
CUST-1118,Teerth,Bhardwaj,teerth.bhardwaj748@yahoo.co.in,+91-9584853393,2024-08-21,"{""device_type"": ""Android"", ""address_state"": ""Gujarat"", ""city"": ""Surat"", ""pincode"": ""395007"", ""address"": {""address_state"": ""Gujarat"", ""city"": ""Surat"", ""pincode"": ""395007""}, ""app_version"": ""v13.1.11"", ""locale"": ""en_IN""}"
CUST-1119,Darsh,Murthy,darsh.murthy447@outlook.com,+91-8501902658,2024-06-05,"{""device_type"": ""iOS"", ""address_state"": ""West Bengal"", ""city"": ""Kolkata"", ""pincode"": ""700001"", ""address"": {""address_state"": ""West Bengal"", ""city"": ""Kolkata"", ""pincode"": ""700001""}, ""app_version"": ""v10.6.4"", ""locale"": ""en_IN""}"
CUST-1120,Dakshesh,Bedi,dakshesh.bedi772@outlook.com,+91-7697398528,2024-03-02,"{""device_type"": ""Web"", ""address_state"": ""Rajasthan"", ""city"": ""Udaipur"", ""pincode"": ""313002"", ""address"": {""address_state"": ""Rajasthan"", ""city"": ""Udaipur"", ""pincode"": ""313002""}, ""app_version"": ""v10.6.12"", ""locale"": ""en_IN""}"
CUST-1121,Vansha,Thakkar,vansha.thakkar904@rediffmail.com,+91-6408839723,2025-09-06,"{""device_type"": ""Web"", ""address_state"": ""Telangana"", ""city"": ""Warangal"", ""pincode"": ""506001"", ""address"": {""address_state"": ""Telangana"", ""city"": ""Warangal"", ""pincode"": ""506001""}, ""app_version"": ""v14.3.5"", ""locale"": ""en_IN""}"
CUST-1122,Nakul,Bhandari,nakul.bhandari682@rediffmail.com,+91-7216198604,2024-12-24,"{""device_type"": ""Android"", ""address_state"": ""Kerala"", ""city"": ""Thiruvananthapuram"", ""pincode"": ""695001"", ""address"": {""address_state"": ""Kerala"", ""city"": ""Thiruvananthapuram"", ""pincode"": ""695001""}, ""app_version"": ""v14.3.14"", ""locale"": ""en_IN""}"
CUST-1123,Yashoda,Buch,yashoda.buch875@gmail.com,+91-8131088245,2024-07-03,"{""device_type"": ""Android"", ""address_state"": ""Telangana"", ""city"": ""Warangal"", ""pincode"": ""506002"", ""address"": {""address_state"": ""Telangana"", ""city"": ""Warangal"", ""pincode"": ""506002""}, ""app_version"": ""v10.2.5"", ""locale"": ""en_IN""}"
CUST-1124,Quincy,Biswas,quincy.biswas589@rediffmail.com,+91-6252336745,2026-01-28,"{""device_type"": ""iOS"", ""address_state"": ""Karnataka"", ""city"": ""Bengaluru"", ""pincode"": ""560038"", ""address"": {""address_state"": ""Karnataka"", ""city"": ""Bengaluru"", ""pincode"": ""560038""}, ""app_version"": ""v13.6.15"", ""locale"": ""en_IN""}"
CUST-1125,Ekansh,Keer,ekansh.keer359@yahoo.co.in,+91-8434618074,2026-01-08,"{""device_type"": ""iOS"", ""address_state"": ""Uttar Pradesh"", ""city"": ""Noida"", ""pincode"": ""201301"", ""address"": {""address_state"": ""Uttar Pradesh"", ""city"": ""Noida"", ""pincode"": ""201301""}, ""app_version"": ""v11.9.2"", ""locale"": ""en_IN""}"
CUST-1126,Netra,Dar,netra.dar700@gmail.com,+91-8575788930,2025-11-08,"{""device_type"": ""Android"", ""address_state"": ""Gujarat"", ""city"": ""Surat"", ""pincode"": ""395007"", ""address"": {""address_state"": ""Gujarat"", ""city"": ""Surat"", ""pincode"": ""395007""}, ""app_version"": ""v12.3.17"", ""locale"": ""en_IN""}"
CUST-1127,Yatin,Baral,yatin.baral126@outlook.com,+91-9219066986,2024-10-17,"{""device_type"": ""iOS"", ""address_state"": ""Rajasthan"", ""city"": ""Jodhpur"", ""pincode"": ""342008"", ""address"": {""address_state"": ""Rajasthan"", ""city"": ""Jodhpur"", ""pincode"": ""342008""}, ""app_version"": ""v11.6.20"", ""locale"": ""en_IN""}"
CUST-1128,Finn,Saini,finn.saini66@gmail.com,+91-7423646570,2024-08-04,"{""device_type"": ""Android"", ""address_state"": ""Delhi"", ""city"": ""North Delhi"", ""pincode"": ""110009"", ""address"": {""address_state"": ""Delhi"", ""city"": ""North Delhi"", ""pincode"": ""110009""}, ""app_version"": ""v10.0.16"", ""locale"": ""en_IN""}"
CUST-1129,Diya,Lal,diya.lal774@rediffmail.com,+91-7238712095,2025-01-24,"{""device_type"": ""Web"", ""address_state"": ""Kerala"", ""city"": ""Kozhikode"", ""pincode"": ""673001"", ""address"": {""address_state"": ""Kerala"", ""city"": ""Kozhikode"", ""pincode"": ""673001""}, ""app_version"": ""v14.5.3"", ""locale"": ""en_IN""}"
CUST-1130,Samarth,Murthy,samarth.murthy416@gmail.com,+91-9120123575,2025-04-15,"{""device_type"": ""Web"", ""address_state"": ""Maharashtra"", ""city"": ""Nagpur"", ""pincode"": ""440010"", ""address"": {""address_state"": ""Maharashtra"", ""city"": ""Nagpur"", ""pincode"": ""440010""}, ""app_version"": ""v13.6.10"", ""locale"": ""en_IN""}"
CUST-1131,William,Lanka,william.lanka127@rediffmail.com,+91-6448717183,2024-06-24,"{""device_type"": ""iOS"", ""address_state"": ""Rajasthan"", ""city"": ""Jodhpur"", ""pincode"": ""342008"", ""address"": {""address_state"": ""Rajasthan"", ""city"": ""Jodhpur"", ""pincode"": ""342008""}, ""app_version"": ""v13.1.8"", ""locale"": ""en_IN""}"
CUST-1132,Meghana,Deep,meghana.deep456@rediffmail.com,+91-6524951250,2024-11-13,"{""device_type"": ""iOS"", ""address_state"": ""Uttar Pradesh"", ""city"": ""Lucknow"", ""pincode"": ""226010"", ""address"": {""address_state"": ""Uttar Pradesh"", ""city"": ""Lucknow"", ""pincode"": ""226010""}, ""app_version"": ""v10.8.4"", ""locale"": ""en_IN""}"
CUST-1133,Charita,Shankar,charita.shankar553@yahoo.co.in,+91-8476990466,2026-01-14,"{""device_type"": ""iOS"", ""address_state"": ""Delhi"", ""city"": ""New Delhi"", ""pincode"": ""110001"", ""address"": {""address_state"": ""Delhi"", ""city"": ""New Delhi"", ""pincode"": ""110001""}, ""app_version"": ""v12.3.6"", ""locale"": ""en_IN""}"
CUST-1134,Diya,Bora,diya.bora626@yahoo.co.in,+91-6290209201,2026-03-02,"{""device_type"": ""Web"", ""address_state"": ""West Bengal"", ""city"": ""Siliguri"", ""pincode"": ""734005"", ""address"": {""address_state"": ""West Bengal"", ""city"": ""Siliguri"", ""pincode"": ""734005""}, ""app_version"": ""v14.9.11"", ""locale"": ""en_IN""}"
CUST-1135,Aditya,Shanker,aditya.shanker894@outlook.com,+91-7572191734,2024-03-10,"{""device_type"": ""Android"", ""address_state"": ""West Bengal"", ""city"": ""Siliguri"", ""pincode"": ""734005"", ""address"": {""address_state"": ""West Bengal"", ""city"": ""Siliguri"", ""pincode"": ""734005""}, ""app_version"": ""v14.0.12"", ""locale"": ""en_IN""}"
CUST-1136,Harish,Borah,harish.borah529@gmail.com,+91-8595792218,2025-04-07,"{""device_type"": ""Android"", ""address_state"": ""Karnataka"", ""city"": ""Bengaluru"", ""pincode"": ""560068"", ""address"": {""address_state"": ""Karnataka"", ""city"": ""Bengaluru"", ""pincode"": ""560068""}, ""app_version"": ""v10.1.20"", ""locale"": ""en_IN""}"
CUST-1137,Tanay,Toor,tanay.toor618@rediffmail.com,+91-9723123952,2025-07-21,"{""device_type"": ""Android"", ""address_state"": ""Karnataka"", ""city"": ""Mangaluru"", ""pincode"": ""575001"", ""address"": {""address_state"": ""Karnataka"", ""city"": ""Mangaluru"", ""pincode"": ""575001""}, ""app_version"": ""v14.7.17"", ""locale"": ""en_IN""}"
CUST-1138,Alka,Deo,alka.deo164@gmail.com,+91-9211134294,2026-04-10,"{""device_type"": ""iOS"", ""address_state"": ""Uttar Pradesh"", ""city"": ""Noida"", ""pincode"": ""201301"", ""address"": {""address_state"": ""Uttar Pradesh"", ""city"": ""Noida"", ""pincode"": ""201301""}, ""app_version"": ""v11.7.15"", ""locale"": ""en_IN""}"
CUST-1139,Ikshita,Biswas,ikshita.biswas546@yahoo.co.in,+91-8500346767,2024-10-16,"{""device_type"": ""Web"", ""address_state"": ""Gujarat"", ""city"": ""Surat"", ""pincode"": ""395007"", ""address"": {""address_state"": ""Gujarat"", ""city"": ""Surat"", ""pincode"": ""395007""}, ""app_version"": ""v14.0.11"", ""locale"": ""en_IN""}"
CUST-1140,Yash,Pingle,yash.pingle77@outlook.com,+91-6699108439,2025-11-25,"{""device_type"": ""Web"", ""address_state"": ""Gujarat"", ""city"": ""Surat"", ""pincode"": ""395007"", ""address"": {""address_state"": ""Gujarat"", ""city"": ""Surat"", ""pincode"": ""395007""}, ""app_version"": ""v16.9.5"", ""locale"": ""en_IN""}"
CUST-1141,Bhavani,Dugar,bhavani.dugar351@gmail.com,+91-7475617211,2024-11-13,"{""device_type"": ""Web"", ""address_state"": ""Gujarat"", ""city"": ""Ahmedabad"", ""pincode"": ""380054"", ""address"": {""address_state"": ""Gujarat"", ""city"": ""Ahmedabad"", ""pincode"": ""380054""}, ""app_version"": ""v10.4.18"", ""locale"": ""en_IN""}"
CUST-1142,Raksha,Mittal,raksha.mittal395@outlook.com,+91-7819532005,2025-12-20,"{""device_type"": ""Web"", ""address_state"": ""Kerala"", ""city"": ""Kochi"", ""pincode"": ""682030"", ""address"": {""address_state"": ""Kerala"", ""city"": ""Kochi"", ""pincode"": ""682030""}, ""app_version"": ""v13.8.12"", ""locale"": ""en_IN""}"
CUST-1143,Abhiram,Mistry,abhiram.mistry28@outlook.com,+91-8293555835,2024-08-07,"{""device_type"": ""iOS"", ""address_state"": ""Uttar Pradesh"", ""city"": ""Varanasi"", ""pincode"": ""221001"", ""address"": {""address_state"": ""Uttar Pradesh"", ""city"": ""Varanasi"", ""pincode"": ""221001""}, ""app_version"": ""v11.2.3"", ""locale"": ""en_IN""}"
CUST-1144,Hemang,Desai,hemang.desai312@gmail.com,+91-6810741110,2024-12-10,"{""device_type"": ""Android"", ""address_state"": ""Rajasthan"", ""city"": ""Jaipur"", ""pincode"": ""302020"", ""address"": {""address_state"": ""Rajasthan"", ""city"": ""Jaipur"", ""pincode"": ""302020""}, ""app_version"": ""v11.2.6"", ""locale"": ""en_IN""}"
CUST-1145,Aishani,D’Alia,aishani.d’alia861@yahoo.co.in,+91-9146914391,2025-02-24,"{""device_type"": ""Web"", ""address_state"": ""Uttar Pradesh"", ""city"": ""Lucknow"", ""pincode"": ""226010"", ""address"": {""address_state"": ""Uttar Pradesh"", ""city"": ""Lucknow"", ""pincode"": ""226010""}, ""app_version"": ""v12.7.8"", ""locale"": ""en_IN""}"
CUST-1146,Hredhaan,Dugal,hredhaan.dugal556@yahoo.co.in,+91-8968253265,2026-03-14,"{""device_type"": ""Web"", ""address_state"": ""West Bengal"", ""city"": ""Kolkata"", ""pincode"": ""700091"", ""address"": {""address_state"": ""West Bengal"", ""city"": ""Kolkata"", ""pincode"": ""700091""}, ""app_version"": ""v14.7.15"", ""locale"": ""en_IN""}"
CUST-1147,Anita,Manda,anita.manda797@outlook.com,+91-9639991949,2025-06-24,"{""device_type"": ""Web"", ""address_state"": ""Gujarat"", ""city"": ""Ahmedabad"", ""pincode"": ""380001"", ""address"": {""address_state"": ""Gujarat"", ""city"": ""Ahmedabad"", ""pincode"": ""380001""}, ""app_version"": ""v11.4.2"", ""locale"": ""en_IN""}"
CUST-1148,Shivansh,Oza,shivansh.oza666@rediffmail.com,+91-8695433590,2024-04-15,"{""device_type"": ""iOS"", ""address_state"": ""Kerala"", ""city"": ""Kochi"", ""pincode"": ""682016"", ""address"": {""address_state"": ""Kerala"", ""city"": ""Kochi"", ""pincode"": ""682016""}, ""app_version"": ""v16.2.9"", ""locale"": ""en_IN""}"
CUST-1149,Samar,Lalla,samar.lalla470@yahoo.co.in,+91-9198476695,2024-08-15,"{""device_type"": ""Android"", ""address_state"": ""West Bengal"", ""city"": ""Siliguri"", ""pincode"": ""734001"", ""address"": {""address_state"": ""West Bengal"", ""city"": ""Siliguri"", ""pincode"": ""734001""}, ""app_version"": ""v10.6.17"", ""locale"": ""en_IN""}"
CUST-1150,Yashasvi,Suresh,yashasvi.suresh392@yahoo.co.in,+91-9187623171,2025-01-18,"{""device_type"": ""iOS"", ""address_state"": ""Tamil Nadu"", ""city"": ""Chennai"", ""pincode"": ""600040"", ""address"": {""address_state"": ""Tamil Nadu"", ""city"": ""Chennai"", ""pincode"": ""600040""}, ""app_version"": ""v16.5.5"", ""locale"": ""en_IN""}"
CUST-1151,Zayan,Behl,zayan.behl150@gmail.com,+91-8990949719,2025-04-28,"{""device_type"": ""Android"", ""address_state"": ""Delhi"", ""city"": ""South Delhi"", ""pincode"": ""110048"", ""address"": {""address_state"": ""Delhi"", ""city"": ""South Delhi"", ""pincode"": ""110048""}, ""app_version"": ""v14.0.3"", ""locale"": ""en_IN""}"
CUST-1152,George,Sampath,george.sampath29@outlook.com,+91-7996534803,2024-06-02,"{""device_type"": ""iOS"", ""address_state"": ""Kerala"", ""city"": ""Kozhikode"", ""pincode"": ""673006"", ""address"": {""address_state"": ""Kerala"", ""city"": ""Kozhikode"", ""pincode"": ""673006""}, ""app_version"": ""v16.4.8"", ""locale"": ""en_IN""}"
CUST-1153,Aradhana,Basu,aradhana.basu318@gmail.com,+91-6356022467,2025-03-05,"{""device_type"": ""iOS"", ""address_state"": ""Rajasthan"", ""city"": ""Jodhpur"", ""pincode"": ""342001"", ""address"": {""address_state"": ""Rajasthan"", ""city"": ""Jodhpur"", ""pincode"": ""342001""}, ""app_version"": ""v16.7.20"", ""locale"": ""en_IN""}"
CUST-1154,Aarush,Nath,aarush.nath558@gmail.com,+91-7871531100,2024-05-27,"{""device_type"": ""Web"", ""address_state"": ""Telangana"", ""city"": ""Warangal"", ""pincode"": ""506001"", ""address"": {""address_state"": ""Telangana"", ""city"": ""Warangal"", ""pincode"": ""506001""}, ""app_version"": ""v12.3.19"", ""locale"": ""en_IN""}"
CUST-1155,Kalpit,Lala,kalpit.lala436@yahoo.co.in,+91-6662087258,2025-01-04,"{""device_type"": ""Android"", ""address_state"": ""Maharashtra"", ""city"": ""Mumbai"", ""pincode"": ""400092"", ""address"": {""address_state"": ""Maharashtra"", ""city"": ""Mumbai"", ""pincode"": ""400092""}, ""app_version"": ""v10.6.12"", ""locale"": ""en_IN""}"
CUST-1156,Neel,Sathe,neel.sathe269@gmail.com,+91-8946666926,2024-03-10,"{""device_type"": ""Web"", ""address_state"": ""Uttar Pradesh"", ""city"": ""Lucknow"", ""pincode"": ""226001"", ""address"": {""address_state"": ""Uttar Pradesh"", ""city"": ""Lucknow"", ""pincode"": ""226001""}, ""app_version"": ""v15.5.5"", ""locale"": ""en_IN""}"
CUST-1157,Prisha,Andra,prisha.andra55@outlook.com,+91-8973498494,2025-10-20,"{""device_type"": ""Web"", ""address_state"": ""Delhi"", ""city"": ""South Delhi"", ""pincode"": ""110048"", ""address"": {""address_state"": ""Delhi"", ""city"": ""South Delhi"", ""pincode"": ""110048""}, ""app_version"": ""v13.2.5"", ""locale"": ""en_IN""}"
CUST-1158,Isaac,Borra,isaac.borra74@rediffmail.com,+91-6415081566,2024-07-25,"{""device_type"": ""Android"", ""address_state"": ""Karnataka"", ""city"": ""Mysuru"", ""pincode"": ""570001"", ""address"": {""address_state"": ""Karnataka"", ""city"": ""Mysuru"", ""pincode"": ""570001""}, ""app_version"": ""v12.8.13"", ""locale"": ""en_IN""}"
CUST-1159,Manthan,Banik,manthan.banik844@rediffmail.com,+91-8139321248,2026-02-10,"{""device_type"": ""iOS"", ""address_state"": ""Tamil Nadu"", ""city"": ""Coimbatore"", ""pincode"": ""641018"", ""address"": {""address_state"": ""Tamil Nadu"", ""city"": ""Coimbatore"", ""pincode"": ""641018""}, ""app_version"": ""v16.5.9"", ""locale"": ""en_IN""}"
CUST-1160,Kala,Divan,kala.divan137@outlook.com,+91-9529520110,2026-01-31,"{""device_type"": ""iOS"", ""address_state"": ""West Bengal"", ""city"": ""Siliguri"", ""pincode"": ""734005"", ""address"": {""address_state"": ""West Bengal"", ""city"": ""Siliguri"", ""pincode"": ""734005""}, ""app_version"": ""v13.7.12"", ""locale"": ""en_IN""}"
CUST-1161,Qushi,Datta,qushi.datta956@outlook.com,+91-6880697625,2025-03-10,"{""device_type"": ""Web"", ""address_state"": ""Maharashtra"", ""city"": ""Nashik"", ""pincode"": ""422001"", ""address"": {""address_state"": ""Maharashtra"", ""city"": ""Nashik"", ""pincode"": ""422001""}, ""app_version"": ""v12.5.4"", ""locale"": ""en_IN""}"
CUST-1162,Benjamin,Morar,benjamin.morar91@outlook.com,+91-8429097422,2025-04-01,"{""device_type"": ""iOS"", ""address_state"": ""Rajasthan"", ""city"": ""Udaipur"", ""pincode"": ""313002"", ""address"": {""address_state"": ""Rajasthan"", ""city"": ""Udaipur"", ""pincode"": ""313002""}, ""app_version"": ""v15.7.12"", ""locale"": ""en_IN""}"
CUST-1163,Janya,Baral,janya.baral467@gmail.com,+91-8760191749,2025-03-21,"{""device_type"": ""Web"", ""address_state"": ""Telangana"", ""city"": ""Hyderabad"", ""pincode"": ""500001"", ""address"": {""address_state"": ""Telangana"", ""city"": ""Hyderabad"", ""pincode"": ""500001""}, ""app_version"": ""v15.6.12"", ""locale"": ""en_IN""}"
CUST-1164,Ishita,Kade,ishita.kade535@yahoo.co.in,+91-6253308283,2025-09-14,"{""device_type"": ""iOS"", ""address_state"": ""West Bengal"", ""city"": ""Kolkata"", ""pincode"": ""700020"", ""address"": {""address_state"": ""West Bengal"", ""city"": ""Kolkata"", ""pincode"": ""700020""}, ""app_version"": ""v11.5.12"", ""locale"": ""en_IN""}"
CUST-1165,Zaid,Chauhan,zaid.chauhan402@gmail.com,+91-7829137330,2025-04-05,"{""device_type"": ""iOS"", ""address_state"": ""Uttar Pradesh"", ""city"": ""Kanpur"", ""pincode"": ""208012"", ""address"": {""address_state"": ""Uttar Pradesh"", ""city"": ""Kanpur"", ""pincode"": ""208012""}, ""app_version"": ""v14.2.17"", ""locale"": ""en_IN""}"
CUST-1166,Irya,Ray,irya.ray385@rediffmail.com,+91-8797460535,2024-10-12,"{""device_type"": ""Web"", ""address_state"": ""Tamil Nadu"", ""city"": ""Chennai"", ""pincode"": ""600001"", ""address"": {""address_state"": ""Tamil Nadu"", ""city"": ""Chennai"", ""pincode"": ""600001""}, ""app_version"": ""v11.7.17"", ""locale"": ""en_IN""}"
CUST-1167,Mohammed,Khalsa,mohammed.khalsa406@gmail.com,+91-8932111777,2024-09-23,"{""device_type"": ""Web"", ""address_state"": ""West Bengal"", ""city"": ""Kolkata"", ""pincode"": ""700091"", ""address"": {""address_state"": ""West Bengal"", ""city"": ""Kolkata"", ""pincode"": ""700091""}, ""app_version"": ""v13.3.4"", ""locale"": ""en_IN""}"
CUST-1168,Nicholas,Goel,nicholas.goel148@gmail.com,+91-9285388355,2025-12-31,"{""device_type"": ""Web"", ""address_state"": ""West Bengal"", ""city"": ""Kolkata"", ""pincode"": ""700091"", ""address"": {""address_state"": ""West Bengal"", ""city"": ""Kolkata"", ""pincode"": ""700091""}, ""app_version"": ""v12.1.18"", ""locale"": ""en_IN""}"
CUST-1169,Nitara,Bakshi,nitara.bakshi565@outlook.com,+91-8269119969,2025-12-29,"{""device_type"": ""iOS"", ""address_state"": ""Delhi"", ""city"": ""North Delhi"", ""pincode"": ""110007"", ""address"": {""address_state"": ""Delhi"", ""city"": ""North Delhi"", ""pincode"": ""110007""}, ""app_version"": ""v11.2.8"", ""locale"": ""en_IN""}"
CUST-1170,Praneel,Natarajan,praneel.natarajan819@rediffmail.com,+91-6487509692,2025-07-21,"{""device_type"": ""Web"", ""address_state"": ""Rajasthan"", ""city"": ""Jodhpur"", ""pincode"": ""342008"", ""address"": {""address_state"": ""Rajasthan"", ""city"": ""Jodhpur"", ""pincode"": ""342008""}, ""app_version"": ""v11.9.3"", ""locale"": ""en_IN""}"
CUST-1171,Nisha,Kothari,nisha.kothari77@outlook.com,+91-9869801588,2026-01-06,"{""device_type"": ""Android"", ""address_state"": ""West Bengal"", ""city"": ""Howrah"", ""pincode"": ""711104"", ""address"": {""address_state"": ""West Bengal"", ""city"": ""Howrah"", ""pincode"": ""711104""}, ""app_version"": ""v16.9.3"", ""locale"": ""en_IN""}"
CUST-1172,Amara,Dutta,amara.dutta138@outlook.com,+91-6583156434,2025-04-22,"{""device_type"": ""Web"", ""address_state"": ""Kerala"", ""city"": ""Thiruvananthapuram"", ""pincode"": ""695001"", ""address"": {""address_state"": ""Kerala"", ""city"": ""Thiruvananthapuram"", ""pincode"": ""695001""}, ""app_version"": ""v15.9.6"", ""locale"": ""en_IN""}"
CUST-1173,Hritik,Raja,hritik.raja796@yahoo.co.in,+91-9639945876,2024-02-26,"{""device_type"": ""iOS"", ""address_state"": ""Maharashtra"", ""city"": ""Pune"", ""pincode"": ""411038"", ""address"": {""address_state"": ""Maharashtra"", ""city"": ""Pune"", ""pincode"": ""411038""}, ""app_version"": ""v11.5.8"", ""locale"": ""en_IN""}"
CUST-1174,Balvan,Singhal,balvan.singhal364@outlook.com,+91-6369085407,2024-07-20,"{""device_type"": ""Web"", ""address_state"": ""Kerala"", ""city"": ""Thiruvananthapuram"", ""pincode"": ""695001"", ""address"": {""address_state"": ""Kerala"", ""city"": ""Thiruvananthapuram"", ""pincode"": ""695001""}, ""app_version"": ""v12.9.18"", ""locale"": ""en_IN""}"
CUST-1175,Tristan,Iyengar,tristan.iyengar105@yahoo.co.in,+91-7283825267,2025-11-05,"{""device_type"": ""Web"", ""address_state"": ""Rajasthan"", ""city"": ""Udaipur"", ""pincode"": ""313002"", ""address"": {""address_state"": ""Rajasthan"", ""city"": ""Udaipur"", ""pincode"": ""313002""}, ""app_version"": ""v10.0.3"", ""locale"": ""en_IN""}"
CUST-1176,Triveni,Palla,triveni.palla56@outlook.com,+91-7923515952,2025-08-08,"{""device_type"": ""Android"", ""address_state"": ""Gujarat"", ""city"": ""Vadodara"", ""pincode"": ""390001"", ""address"": {""address_state"": ""Gujarat"", ""city"": ""Vadodara"", ""pincode"": ""390001""}, ""app_version"": ""v15.8.10"", ""locale"": ""en_IN""}"
CUST-1177,Dalaja,Kari,dalaja.kari667@outlook.com,+91-9362935648,2026-04-04,"{""device_type"": ""iOS"", ""address_state"": ""Gujarat"", ""city"": ""Surat"", ""pincode"": ""395007"", ""address"": {""address_state"": ""Gujarat"", ""city"": ""Surat"", ""pincode"": ""395007""}, ""app_version"": ""v15.0.6"", ""locale"": ""en_IN""}"
CUST-1178,Udant,Bajwa,udant.bajwa460@rediffmail.com,+91-9598690974,2024-07-27,"{""device_type"": ""Web"", ""address_state"": ""Uttar Pradesh"", ""city"": ""Lucknow"", ""pincode"": ""226010"", ""address"": {""address_state"": ""Uttar Pradesh"", ""city"": ""Lucknow"", ""pincode"": ""226010""}, ""app_version"": ""v12.5.13"", ""locale"": ""en_IN""}"
CUST-1179,Reyansh,Rastogi,reyansh.rastogi143@outlook.com,+91-6442648079,2024-09-04,"{""device_type"": ""Android"", ""address_state"": ""West Bengal"", ""city"": ""Kolkata"", ""pincode"": ""700091"", ""address"": {""address_state"": ""West Bengal"", ""city"": ""Kolkata"", ""pincode"": ""700091""}, ""app_version"": ""v11.2.4"", ""locale"": ""en_IN""}"
CUST-1180,Falguni,Mallick,falguni.mallick61@outlook.com,+91-9760756497,2025-03-04,"{""device_type"": ""Web"", ""address_state"": ""Tamil Nadu"", ""city"": ""Chennai"", ""pincode"": ""600040"", ""address"": {""address_state"": ""Tamil Nadu"", ""city"": ""Chennai"", ""pincode"": ""600040""}, ""app_version"": ""v15.5.7"", ""locale"": ""en_IN""}"
CUST-1181,Ekaraj,Mallick,ekaraj.mallick791@yahoo.co.in,+91-9652681586,2025-04-23,"{""device_type"": ""iOS"", ""address_state"": ""West Bengal"", ""city"": ""Siliguri"", ""pincode"": ""734005"", ""address"": {""address_state"": ""West Bengal"", ""city"": ""Siliguri"", ""pincode"": ""734005""}, ""app_version"": ""v10.6.17"", ""locale"": ""en_IN""}"
CUST-1182,Indali,Upadhyay,indali.upadhyay478@yahoo.co.in,+91-7726360971,2024-12-27,"{""device_type"": ""Android"", ""address_state"": ""Karnataka"", ""city"": ""Bengaluru"", ""pincode"": ""560068"", ""address"": {""address_state"": ""Karnataka"", ""city"": ""Bengaluru"", ""pincode"": ""560068""}, ""app_version"": ""v14.7.10"", ""locale"": ""en_IN""}"
CUST-1183,Mugdha,Yadav,mugdha.yadav559@gmail.com,+91-6562705171,2024-05-17,"{""device_type"": ""Android"", ""address_state"": ""Telangana"", ""city"": ""Warangal"", ""pincode"": ""506002"", ""address"": {""address_state"": ""Telangana"", ""city"": ""Warangal"", ""pincode"": ""506002""}, ""app_version"": ""v10.6.2"", ""locale"": ""en_IN""}"
CUST-1184,Garima,Bala,garima.bala593@yahoo.co.in,+91-8694018597,2024-10-22,"{""device_type"": ""Web"", ""address_state"": ""Maharashtra"", ""city"": ""Nashik"", ""pincode"": ""422009"", ""address"": {""address_state"": ""Maharashtra"", ""city"": ""Nashik"", ""pincode"": ""422009""}, ""app_version"": ""v12.9.20"", ""locale"": ""en_IN""}"
CUST-1185,Jack,Lal,jack.lal131@yahoo.co.in,+91-6522950895,2025-01-17,"{""device_type"": ""iOS"", ""address_state"": ""Uttar Pradesh"", ""city"": ""Kanpur"", ""pincode"": ""208001"", ""address"": {""address_state"": ""Uttar Pradesh"", ""city"": ""Kanpur"", ""pincode"": ""208001""}, ""app_version"": ""v14.8.13"", ""locale"": ""en_IN""}"
CUST-1186,Pranav,Lanka,pranav.lanka522@gmail.com,+91-6141783553,2024-05-20,"{""device_type"": ""iOS"", ""address_state"": ""Uttar Pradesh"", ""city"": ""Varanasi"", ""pincode"": ""221005"", ""address"": {""address_state"": ""Uttar Pradesh"", ""city"": ""Varanasi"", ""pincode"": ""221005""}, ""app_version"": ""v14.8.5"", ""locale"": ""en_IN""}"
CUST-1187,Balvan,Chopra,balvan.chopra345@outlook.com,+91-7521931770,2025-09-23,"{""device_type"": ""Web"", ""address_state"": ""Telangana"", ""city"": ""Warangal"", ""pincode"": ""506002"", ""address"": {""address_state"": ""Telangana"", ""city"": ""Warangal"", ""pincode"": ""506002""}, ""app_version"": ""v14.4.16"", ""locale"": ""en_IN""}"
CUST-1188,Radha,Pai,radha.pai845@gmail.com,+91-8455665802,2025-11-20,"{""device_type"": ""Web"", ""address_state"": ""Maharashtra"", ""city"": ""Nashik"", ""pincode"": ""422009"", ""address"": {""address_state"": ""Maharashtra"", ""city"": ""Nashik"", ""pincode"": ""422009""}, ""app_version"": ""v16.0.20"", ""locale"": ""en_IN""}"
CUST-1189,Dipta,Sarin,dipta.sarin495@outlook.com,+91-7874597473,2024-02-22,"{""device_type"": ""Web"", ""address_state"": ""Rajasthan"", ""city"": ""Jodhpur"", ""pincode"": ""342001"", ""address"": {""address_state"": ""Rajasthan"", ""city"": ""Jodhpur"", ""pincode"": ""342001""}, ""app_version"": ""v15.9.13"", ""locale"": ""en_IN""}"
CUST-1190,Yasti,D’Alia,yasti.d’alia161@yahoo.co.in,+91-6714792641,2025-12-18,"{""device_type"": ""Android"", ""address_state"": ""Maharashtra"", ""city"": ""Pune"", ""pincode"": ""411001"", ""address"": {""address_state"": ""Maharashtra"", ""city"": ""Pune"", ""pincode"": ""411001""}, ""app_version"": ""v12.6.5"", ""locale"": ""en_IN""}"
CUST-1191,Lekha,Gupta,lekha.gupta432@yahoo.co.in,+91-9638824588,2026-03-04,"{""device_type"": ""Web"", ""address_state"": ""Rajasthan"", ""city"": ""Jodhpur"", ""pincode"": ""342001"", ""address"": {""address_state"": ""Rajasthan"", ""city"": ""Jodhpur"", ""pincode"": ""342001""}, ""app_version"": ""v11.8.7"", ""locale"": ""en_IN""}"
CUST-1192,Aachal,Basu,aachal.basu584@outlook.com,+91-9664226794,2025-01-20,"{""device_type"": ""Web"", ""address_state"": ""Uttar Pradesh"", ""city"": ""Lucknow"", ""pincode"": ""226010"", ""address"": {""address_state"": ""Uttar Pradesh"", ""city"": ""Lucknow"", ""pincode"": ""226010""}, ""app_version"": ""v12.8.12"", ""locale"": ""en_IN""}"
CUST-1193,Rajata,Agarwal,rajata.agarwal702@outlook.com,+91-9306442077,2024-09-09,"{""device_type"": ""Android"", ""address_state"": ""Telangana"", ""city"": ""Warangal"", ""pincode"": ""506001"", ""address"": {""address_state"": ""Telangana"", ""city"": ""Warangal"", ""pincode"": ""506001""}, ""app_version"": ""v16.4.7"", ""locale"": ""en_IN""}"
CUST-1194,Zinal,Yohannan,zinal.yohannan716@rediffmail.com,+91-8615185000,2024-12-23,"{""device_type"": ""Android"", ""address_state"": ""Kerala"", ""city"": ""Kozhikode"", ""pincode"": ""673006"", ""address"": {""address_state"": ""Kerala"", ""city"": ""Kozhikode"", ""pincode"": ""673006""}, ""app_version"": ""v10.9.18"", ""locale"": ""en_IN""}"
CUST-1195,Ronith,Patla,ronith.patla398@rediffmail.com,+91-8930071496,2026-04-03,"{""device_type"": ""Android"", ""address_state"": ""Delhi"", ""city"": ""North Delhi"", ""pincode"": ""110007"", ""address"": {""address_state"": ""Delhi"", ""city"": ""North Delhi"", ""pincode"": ""110007""}, ""app_version"": ""v15.1.12"", ""locale"": ""en_IN""}"
CUST-1196,Raagini,Boase,raagini.boase956@rediffmail.com,+91-8902448600,2025-05-05,"{""device_type"": ""Web"", ""address_state"": ""Tamil Nadu"", ""city"": ""Chennai"", ""pincode"": ""600040"", ""address"": {""address_state"": ""Tamil Nadu"", ""city"": ""Chennai"", ""pincode"": ""600040""}, ""app_version"": ""v15.4.5"", ""locale"": ""en_IN""}"
CUST-1197,Ganga,Murthy,ganga.murthy121@yahoo.co.in,+91-7154508960,2025-11-16,"{""device_type"": ""iOS"", ""address_state"": ""Kerala"", ""city"": ""Kochi"", ""pincode"": ""682030"", ""address"": {""address_state"": ""Kerala"", ""city"": ""Kochi"", ""pincode"": ""682030""}, ""app_version"": ""v10.1.14"", ""locale"": ""en_IN""}"
CUST-1198,Jeet,Mital,jeet.mital348@rediffmail.com,+91-6831424323,2026-02-28,"{""device_type"": ""Android"", ""address_state"": ""Delhi"", ""city"": ""New Delhi"", ""pincode"": ""110016"", ""address"": {""address_state"": ""Delhi"", ""city"": ""New Delhi"", ""pincode"": ""110016""}, ""app_version"": ""v15.7.16"", ""locale"": ""en_IN""}"
CUST-1199,Yashica,More,yashica.more676@yahoo.co.in,+91-8444851196,2024-10-19,"{""device_type"": ""iOS"", ""address_state"": ""Karnataka"", ""city"": ""Bengaluru"", ""pincode"": ""560038"", ""address"": {""address_state"": ""Karnataka"", ""city"": ""Bengaluru"", ""pincode"": ""560038""}, ""app_version"": ""v14.0.6"", ""locale"": ""en_IN""}"
CUST-1200,Nilima,Narain,nilima.narain437@yahoo.co.in,+91-6997866344,2025-02-10,"{""device_type"": ""iOS"", ""address_state"": ""West Bengal"", ""city"": ""Kolkata"", ""pincode"": ""700091"", ""address"": {""address_state"": ""West Bengal"", ""city"": ""Kolkata"", ""pincode"": ""700091""}, ""app_version"": ""v10.4.19"", ""locale"": ""en_IN""}"
