order_id,customer_id,product_id,order_date,quantity,total_amount,order_status
ORD-90699,CUST-1194,PROD-5041,2026-04-01 00:51:32,2,1872.0,Delivered
ORD-90232,CUST-1028,PROD-5047,2026-04-01 05:58:14,1,1661.55,Delivered
ORD-90319,CUST-1085,PROD-5016,2026-04-01 12:45:36,1,12999.0,Delivered
ORD-90009,CUST-1066,PROD-5053,2026-04-01 14:03:11,2,741.0,Delivered
ORD-90182,CUST-1063,PROD-5010,2026-04-02 05:43:23,4,7600.0,Delivered
ORD-90046,CUST-1013,PROD-5049,2026-04-02 05:45:02,1,296.65,Delivered
ORD-90449,CUST-1182,PROD-5048,2026-04-02 09:09:14,1,499.0,Delivered
ORD-90281,CUST-1150,PROD-5007,2026-04-02 10:14:31,1,17999.1,Cancelled
ORD-90047,CUST-1182,PROD-5010,2026-04-02 18:36:08,1,1805.0,Delivered
ORD-90638,CUST-1196,PROD-5017,2026-04-03 08:53:32,1,3399.15,Delivered
ORD-90257,CUST-1134,PROD-5030,2026-04-03 09:37:10,2,891.0,Delivered
ORD-90709,CUST-1019,PROD-5042,2026-04-04 01:12:13,1,722.5,Delivered
ORD-90593,CUST-1179,PROD-5043,2026-04-04 13:41:48,1,1869.15,Delivered
ORD-90415,CUST-1187,PROD-5005,2026-04-04 14:49:24,2,29698.2,Cancelled
ORD-90547,CUST-1048,PROD-5057,2026-04-04 15:14:27,1,213.75,Delivered
ORD-90208,CUST-1140,PROD-5051,2026-04-04 19:00:58,5,1687.5,Delivered
ORD-90218,CUST-1155,PROD-5015,2026-04-04 20:52:16,1,1890.0,In-Transit
ORD-90220,CUST-1083,PROD-5004,2026-04-05 06:07:17,1,899.1,Delivered
ORD-90309,CUST-1055,PROD-5047,2026-04-05 06:07:23,1,1749.0,Delivered
ORD-90675,CUST-1191,PROD-5020,2026-04-05 08:45:56,1,3499.0,In-Transit
ORD-90364,CUST-1134,PROD-5007,2026-04-05 21:46:36,1,19999.0,Delivered
ORD-90210,CUST-1070,PROD-5012,2026-04-06 01:27:44,1,4490.0,In-Transit
ORD-90615,CUST-1060,PROD-5044,2026-04-06 01:33:45,1,719.1,Delivered
ORD-90084,CUST-1197,PROD-5036,2026-04-06 05:26:17,4,638.4,Delivered
ORD-90486,CUST-1177,PROD-5001,2026-04-06 07:05:06,2,2468.1,Delivered
ORD-90272,CUST-1032,PROD-5044,2026-04-06 22:26:05,1,759.05,Delivered
ORD-90705,CUST-1073,PROD-5056,2026-04-07 01:19:53,1,126.0,Delivered
ORD-90551,CUST-1034,PROD-5012,2026-04-07 01:44:46,1,4265.5,Delivered
ORD-90018,CUST-1196,PROD-5008,2026-04-07 06:08:36,2,3228.1,Cancelled
ORD-90045,CUST-1016,PROD-5034,2026-04-07 13:37:48,2,1598.0,Cancelled
ORD-90721,CUST-1075,PROD-5011,2026-04-07 20:37:55,2,3798.1,Delivered
ORD-90646,CUST-1093,PROD-5060,2026-04-07 23:01:36,1,1799.0,Delivered
ORD-90089,CUST-1108,PROD-5035,2026-04-08 03:20:17,2,826.5,In-Transit
ORD-90310,CUST-1167,PROD-5051,2026-04-08 06:07:34,1,337.5,Cancelled
ORD-90302,CUST-1099,PROD-5001,2026-04-08 07:48:45,1,1169.1,In-Transit
ORD-90623,CUST-1181,PROD-5051,2026-04-08 11:28:43,1,356.25,Cancelled
ORD-90442,CUST-1158,PROD-5039,2026-04-08 13:55:24,3,2847.15,Cancelled
ORD-90434,CUST-1162,PROD-5033,2026-04-08 14:38:33,3,825.0,Delivered
ORD-90401,CUST-1037,PROD-5008,2026-04-09 02:40:37,1,1614.05,Delivered
ORD-90621,CUST-1104,PROD-5050,2026-04-09 02:55:28,1,637.5,Cancelled
ORD-90533,CUST-1162,PROD-5047,2026-04-09 04:36:02,2,3323.1,Delivered
ORD-90057,CUST-1136,PROD-5059,2026-04-09 06:18:20,1,1699.15,Delivered
ORD-90254,CUST-1050,PROD-5009,2026-04-09 06:53:02,1,29520.0,Delivered
ORD-90202,CUST-1085,PROD-5008,2026-04-09 06:58:45,4,6796.0,In-Transit
ORD-90186,CUST-1072,PROD-5006,2026-04-09 12:35:24,3,24222.45,Delivered
ORD-90099,CUST-1018,PROD-5020,2026-04-09 16:14:17,2,6998.0,Cancelled
ORD-90174,CUST-1004,PROD-5016,2026-04-09 22:17:22,1,12349.05,Delivered
ORD-90020,CUST-1173,PROD-5046,2026-04-10 10:50:53,1,499.0,Delivered
ORD-90294,CUST-1031,PROD-5031,2026-04-11 10:09:09,3,684.0,In-Transit
ORD-90507,CUST-1122,PROD-5036,2026-04-11 10:50:41,1,159.6,Cancelled
ORD-90296,CUST-1077,PROD-5027,2026-04-11 11:56:49,3,1620.0,In-Transit
ORD-90577,CUST-1162,PROD-5025,2026-04-11 12:15:16,1,1599.0,Delivered
ORD-90242,CUST-1126,PROD-5010,2026-04-11 14:00:39,1,1805.0,Delivered
ORD-90589,CUST-1029,PROD-5048,2026-04-11 14:09:56,1,449.1,Delivered
ORD-90627,CUST-1076,PROD-5040,2026-04-11 14:12:21,2,3357.5,Delivered
ORD-90007,CUST-1131,PROD-5029,2026-04-11 19:16:53,1,26.6,Delivered
ORD-90528,CUST-1193,PROD-5010,2026-04-11 21:09:27,1,1805.0,Delivered
ORD-90055,CUST-1142,PROD-5031,2026-04-11 21:30:52,1,216.0,Delivered
ORD-90324,CUST-1195,PROD-5057,2026-04-11 21:51:31,1,225.0,Delivered
ORD-90270,CUST-1052,PROD-5054,2026-04-12 04:33:49,1,1401.25,In-Transit
ORD-90299,CUST-1081,PROD-5041,2026-04-12 06:21:46,1,1040.0,Cancelled
ORD-90211,CUST-1200,PROD-5018,2026-04-12 09:03:17,2,2278.1,Delivered
ORD-90128,CUST-1106,PROD-5059,2026-04-12 12:17:32,5,8495.75,Delivered
ORD-90125,CUST-1053,PROD-5052,2026-04-12 12:37:39,1,426.55,Delivered
ORD-90594,CUST-1066,PROD-5011,2026-04-12 16:07:59,1,1799.1,Delivered
ORD-90722,CUST-1145,PROD-5017,2026-04-12 22:13:39,1,3799.05,Delivered
ORD-90548,CUST-1083,PROD-5047,2026-04-13 07:11:38,2,3323.1,Delivered
ORD-90010,CUST-1089,PROD-5045,2026-04-13 09:08:33,1,6499.0,In-Transit
ORD-90263,CUST-1177,PROD-5016,2026-04-13 13:42:45,2,20798.4,In-Transit
ORD-90164,CUST-1175,PROD-5042,2026-04-13 20:07:07,1,807.5,In-Transit
ORD-90647,CUST-1098,PROD-5053,2026-04-14 03:20:58,2,663.0,Delivered
ORD-90657,CUST-1066,PROD-5051,2026-04-14 04:08:20,1,356.25,Delivered
ORD-90379,CUST-1048,PROD-5034,2026-04-14 05:43:31,2,1598.0,Delivered
ORD-90545,CUST-1142,PROD-5011,2026-04-14 08:59:17,1,1899.05,Cancelled
ORD-90178,CUST-1012,PROD-5026,2026-04-14 09:13:13,3,12747.45,Cancelled
ORD-90408,CUST-1073,PROD-5040,2026-04-14 13:19:58,3,5925.0,Delivered
ORD-90539,CUST-1195,PROD-5041,2026-04-14 15:51:51,1,936.0,Delivered
ORD-90584,CUST-1064,PROD-5016,2026-04-14 21:53:06,1,12349.05,Delivered
ORD-90469,CUST-1028,PROD-5036,2026-04-15 01:20:35,1,168.0,Delivered
ORD-90032,CUST-1011,PROD-5056,2026-04-15 03:11:58,1,126.0,Cancelled
ORD-90131,CUST-1097,PROD-5029,2026-04-15 15:55:52,1,23.8,Delivered
ORD-90745,CUST-1120,PROD-5043,2026-04-15 16:51:13,1,1759.2,Delivered
ORD-90064,CUST-1112,PROD-5015,2026-04-15 18:16:14,1,1701.0,In-Transit
ORD-90171,CUST-1148,PROD-5041,2026-04-15 23:10:20,1,988.0,Delivered
ORD-90427,CUST-1168,PROD-5058,2026-04-16 02:44:56,1,1234.05,In-Transit
ORD-90480,CUST-1031,PROD-5059,2026-04-16 05:46:42,2,3598.2,Delivered
ORD-90251,CUST-1122,PROD-5020,2026-04-16 07:57:25,1,2974.15,Delivered
ORD-90030,CUST-1085,PROD-5042,2026-04-16 08:29:41,3,2167.5,Delivered
ORD-90640,CUST-1105,PROD-5029,2026-04-16 10:03:13,1,28.0,In-Transit
ORD-90013,CUST-1097,PROD-5025,2026-04-16 13:59:31,2,2878.2,Delivered
ORD-90244,CUST-1164,PROD-5019,2026-04-16 21:50:59,1,1499.0,Cancelled
ORD-90068,CUST-1183,PROD-5005,2026-04-16 22:19:29,1,15674.05,Cancelled
ORD-90141,CUST-1093,PROD-5017,2026-04-17 00:06:27,1,3399.15,Delivered
ORD-90162,CUST-1040,PROD-5018,2026-04-17 05:35:26,1,1139.05,Delivered
ORD-90179,CUST-1080,PROD-5021,2026-04-17 18:35:08,1,1299.0,Delivered
ORD-90650,CUST-1162,PROD-5034,2026-04-18 00:34:14,1,719.1,In-Transit
ORD-90340,CUST-1147,PROD-5029,2026-04-18 02:12:08,3,79.8,Delivered
ORD-90466,CUST-1018,PROD-5059,2026-04-18 12:12:12,1,1799.1,Delivered
ORD-90628,CUST-1166,PROD-5029,2026-04-18 13:29:04,2,56.0,Cancelled
ORD-90698,CUST-1170,PROD-5004,2026-04-18 13:54:51,1,999.0,Delivered
ORD-90419,CUST-1129,PROD-5033,2026-04-18 14:00:44,1,261.25,Delivered
ORD-90342,CUST-1141,PROD-5001,2026-04-18 15:36:14,2,2078.4,Delivered
ORD-90195,CUST-1084,PROD-5010,2026-04-18 17:04:58,2,3040.0,Delivered
ORD-90072,CUST-1091,PROD-5036,2026-04-19 01:42:39,1,151.2,Cancelled
ORD-90063,CUST-1177,PROD-5047,2026-04-19 05:29:58,1,1399.2,Delivered
ORD-90143,CUST-1024,PROD-5046,2026-04-19 11:35:17,1,474.05,Delivered
ORD-90051,CUST-1046,PROD-5007,2026-04-19 16:51:18,1,19999.0,Delivered
ORD-90248,CUST-1179,PROD-5043,2026-04-19 18:40:00,1,2199.0,Delivered
ORD-90685,CUST-1179,PROD-5030,2026-04-19 21:16:42,1,445.5,Delivered
ORD-90671,CUST-1037,PROD-5050,2026-04-20 01:53:07,2,1200.0,Delivered
ORD-90093,CUST-1028,PROD-5001,2026-04-20 03:32:23,1,1234.05,Delivered
ORD-90321,CUST-1186,PROD-5047,2026-04-20 16:02:52,3,4722.3,Delivered
ORD-90105,CUST-1017,PROD-5037,2026-04-20 18:11:56,2,1708.1,Delivered
ORD-90146,CUST-1023,PROD-5047,2026-04-20 21:20:42,1,1661.55,Delivered
ORD-90561,CUST-1171,PROD-5028,2026-04-21 05:09:08,1,185.0,Delivered
ORD-90236,CUST-1082,PROD-5017,2026-04-21 08:03:14,1,3999.0,Delivered
ORD-90259,CUST-1026,PROD-5060,2026-04-21 12:17:38,1,1799.0,Delivered
ORD-90681,CUST-1173,PROD-5004,2026-04-21 13:39:18,1,999.0,Delivered
ORD-90585,CUST-1148,PROD-5006,2026-04-22 20:25:37,2,18048.1,Delivered
ORD-90106,CUST-1051,PROD-5030,2026-04-23 03:04:07,1,420.75,Delivered
ORD-90316,CUST-1031,PROD-5019,2026-04-23 03:20:13,2,2848.1,Delivered
ORD-90632,CUST-1032,PROD-5006,2026-04-23 04:02:49,2,17098.2,Delivered
ORD-90173,CUST-1173,PROD-5047,2026-04-23 09:29:36,1,1661.55,Delivered
ORD-90006,CUST-1134,PROD-5029,2026-04-23 13:43:03,2,50.4,Delivered
ORD-90110,CUST-1062,PROD-5020,2026-04-23 17:01:17,1,3149.1,Delivered
ORD-90637,CUST-1161,PROD-5012,2026-04-23 19:50:28,3,10776.0,Delivered
ORD-90654,CUST-1050,PROD-5001,2026-04-23 22:53:06,1,1169.1,Delivered
ORD-90431,CUST-1184,PROD-5053,2026-04-23 23:27:31,2,741.0,Delivered
ORD-90536,CUST-1071,PROD-5038,2026-04-24 05:36:27,1,3299.0,In-Transit
ORD-90349,CUST-1051,PROD-5013,2026-04-24 10:42:58,4,5696.2,Delivered
ORD-90648,CUST-1121,PROD-5009,2026-04-24 16:40:10,2,73800.0,Delivered
ORD-90351,CUST-1173,PROD-5038,2026-04-24 22:14:34,2,6268.1,Delivered
ORD-90703,CUST-1131,PROD-5026,2026-04-25 18:27:09,3,14997.0,In-Transit
ORD-90291,CUST-1025,PROD-5031,2026-04-25 20:15:46,2,432.0,Delivered
ORD-90652,CUST-1160,PROD-5023,2026-04-26 04:30:25,1,2085.25,Cancelled
ORD-90582,CUST-1199,PROD-5045,2026-04-26 07:35:32,2,12348.1,Delivered
ORD-90219,CUST-1052,PROD-5052,2026-04-26 08:07:31,1,449.0,Cancelled
ORD-90189,CUST-1112,PROD-5043,2026-04-26 09:08:41,1,2199.0,Delivered
ORD-90440,CUST-1097,PROD-5025,2026-04-26 16:09:29,1,1599.0,Cancelled
ORD-90328,CUST-1043,PROD-5008,2026-04-26 17:32:55,2,3398.0,In-Transit
ORD-90357,CUST-1076,PROD-5029,2026-04-26 21:33:28,1,25.2,In-Transit
ORD-90512,CUST-1141,PROD-5029,2026-04-27 05:40:51,4,100.8,Delivered
ORD-90629,CUST-1179,PROD-5035,2026-04-27 06:34:29,1,435.0,Delivered
ORD-90167,CUST-1004,PROD-5046,2026-04-27 15:27:11,2,998.0,In-Transit
ORD-90710,CUST-1035,PROD-5006,2026-04-27 15:29:34,1,9024.05,Delivered
ORD-90111,CUST-1108,PROD-5039,2026-04-27 18:30:29,1,949.05,Delivered
ORD-90707,CUST-1045,PROD-5031,2026-04-28 00:06:28,1,228.0,In-Transit
ORD-90198,CUST-1027,PROD-5052,2026-04-28 03:28:58,1,449.0,Cancelled
ORD-90060,CUST-1054,PROD-5038,2026-04-28 23:58:52,2,5938.2,Delivered
ORD-90458,CUST-1024,PROD-5053,2026-04-29 05:16:46,1,351.0,Delivered
ORD-90129,CUST-1034,PROD-5016,2026-04-29 09:32:37,2,22098.3,Cancelled
ORD-90664,CUST-1091,PROD-5005,2026-04-29 23:48:40,1,16499.0,In-Transit
ORD-90635,CUST-1169,PROD-5056,2026-04-30 03:28:07,1,140.0,Cancelled
ORD-90526,CUST-1060,PROD-5006,2026-04-30 06:14:12,1,9499.0,Delivered
ORD-90001,CUST-1035,PROD-5031,2026-04-30 17:53:47,1,192.0,Delivered
ORD-90391,CUST-1192,PROD-5044,2026-04-30 20:32:53,1,719.1,Delivered
ORD-90376,CUST-1182,PROD-5060,2026-05-01 01:26:48,1,1439.2,Delivered
ORD-90570,CUST-1118,PROD-5023,2026-05-01 07:30:42,1,2085.25,Delivered
ORD-90398,CUST-1008,PROD-5031,2026-05-01 08:31:12,1,240.0,Delivered
ORD-90464,CUST-1168,PROD-5001,2026-05-01 13:44:44,1,1299.0,Delivered
ORD-90538,CUST-1023,PROD-5016,2026-05-01 14:55:41,1,11699.1,Delivered
ORD-90562,CUST-1087,PROD-5043,2026-05-01 17:09:20,1,2089.05,In-Transit
ORD-90268,CUST-1015,PROD-5033,2026-05-01 20:51:55,1,247.5,Delivered
ORD-90140,CUST-1167,PROD-5020,2026-05-01 20:53:19,3,8922.45,Delivered
ORD-90212,CUST-1150,PROD-5015,2026-05-01 23:54:19,1,1701.0,Delivered
ORD-90375,CUST-1068,PROD-5009,2026-05-02 05:58:58,1,36900.0,Delivered
ORD-90644,CUST-1107,PROD-5012,2026-05-02 07:52:35,2,8082.0,Delivered
ORD-90502,CUST-1019,PROD-5006,2026-05-02 10:58:20,1,9499.0,Delivered
ORD-90061,CUST-1020,PROD-5020,2026-05-02 13:04:22,1,3324.05,Cancelled
ORD-90420,CUST-1158,PROD-5044,2026-05-03 04:53:13,2,1598.0,Delivered
ORD-90665,CUST-1161,PROD-5035,2026-05-03 05:28:25,1,413.25,Delivered
ORD-90091,CUST-1171,PROD-5023,2026-05-03 07:11:36,1,2195.0,In-Transit
ORD-90116,CUST-1114,PROD-5032,2026-05-03 11:27:27,1,650.0,Cancelled
ORD-90731,CUST-1030,PROD-5004,2026-05-03 13:04:28,1,949.05,Delivered
ORD-90410,CUST-1081,PROD-5028,2026-05-03 17:55:01,1,185.0,Delivered
ORD-90290,CUST-1130,PROD-5020,2026-05-04 00:11:42,2,5948.3,Delivered
ORD-90510,CUST-1034,PROD-5034,2026-05-04 03:05:27,1,719.1,Cancelled
ORD-90689,CUST-1119,PROD-5055,2026-05-04 03:59:34,1,199.0,Delivered
ORD-90214,CUST-1100,PROD-5023,2026-05-04 17:33:24,1,2085.25,Cancelled
ORD-90668,CUST-1135,PROD-5020,2026-05-04 23:37:06,1,3149.1,Cancelled
ORD-90461,CUST-1199,PROD-5053,2026-05-05 00:49:21,1,370.5,Delivered
ORD-90659,CUST-1008,PROD-5054,2026-05-05 02:29:27,1,1253.75,In-Transit
ORD-90413,CUST-1142,PROD-5007,2026-05-05 03:08:53,1,19999.0,Delivered
ORD-90226,CUST-1076,PROD-5009,2026-05-05 12:10:50,2,59040.0,In-Transit
ORD-90392,CUST-1019,PROD-5004,2026-05-05 13:30:12,2,1898.1,Delivered
ORD-90653,CUST-1128,PROD-5032,2026-05-05 22:25:42,3,1950.0,Delivered
ORD-90727,CUST-1061,PROD-5032,2026-05-06 02:37:54,2,1105.0,Delivered
ORD-90477,CUST-1147,PROD-5018,2026-05-06 11:50:14,4,4316.4,In-Transit
ORD-90744,CUST-1145,PROD-5052,2026-05-06 21:05:02,3,1212.3,Delivered
ORD-90113,CUST-1074,PROD-5009,2026-05-07 07:56:33,1,35055.0,Delivered
ORD-90034,CUST-1004,PROD-5014,2026-05-07 21:34:28,4,9960.0,In-Transit
ORD-90031,CUST-1186,PROD-5054,2026-05-07 23:42:31,1,1401.25,Delivered
ORD-90676,CUST-1083,PROD-5013,2026-05-08 09:19:39,1,1424.05,Cancelled
ORD-90741,CUST-1073,PROD-5017,2026-05-08 11:48:57,1,3599.1,Delivered
ORD-90295,CUST-1019,PROD-5031,2026-05-08 18:38:23,1,204.0,Delivered
ORD-90199,CUST-1057,PROD-5009,2026-05-09 11:22:00,2,70110.0,Delivered
ORD-90478,CUST-1128,PROD-5048,2026-05-09 18:30:48,1,499.0,Delivered
ORD-90619,CUST-1052,PROD-5049,2026-05-10 17:19:42,1,279.2,In-Transit
ORD-90019,CUST-1005,PROD-5016,2026-05-11 00:24:35,1,12349.05,Delivered
ORD-90343,CUST-1131,PROD-5036,2026-05-11 03:59:48,2,319.2,Delivered
ORD-90591,CUST-1006,PROD-5022,2026-05-11 14:03:18,2,5798.0,Delivered
ORD-90231,CUST-1003,PROD-5017,2026-05-11 17:11:58,1,3999.0,Delivered
ORD-90402,CUST-1022,PROD-5020,2026-05-11 18:55:02,2,5948.3,Delivered
ORD-90506,CUST-1192,PROD-5006,2026-05-11 21:20:03,1,9499.0,Delivered
ORD-90275,CUST-1147,PROD-5050,2026-05-12 14:47:49,3,2025.0,Delivered
ORD-90204,CUST-1045,PROD-5023,2026-05-12 16:38:58,3,6585.0,Delivered
ORD-90742,CUST-1153,PROD-5043,2026-05-13 02:28:35,4,7916.4,Delivered
ORD-90150,CUST-1114,PROD-5056,2026-05-13 04:26:00,1,140.0,Cancelled
ORD-90359,CUST-1142,PROD-5041,2026-05-13 04:53:23,1,936.0,Delivered
ORD-90135,CUST-1137,PROD-5026,2026-05-13 07:09:39,4,16996.6,Delivered
ORD-90750,CUST-1197,PROD-5028,2026-05-13 09:45:17,1,185.0,Delivered
ORD-90381,CUST-1093,PROD-5019,2026-05-13 10:01:43,4,5396.4,Delivered
ORD-90422,CUST-1092,PROD-5003,2026-05-13 11:46:15,2,3598.0,Delivered
ORD-90015,CUST-1033,PROD-5047,2026-05-14 05:48:41,2,3148.2,In-Transit
ORD-90344,CUST-1014,PROD-5053,2026-05-14 06:52:25,2,780.0,Cancelled
ORD-90247,CUST-1120,PROD-5017,2026-05-14 22:21:55,2,7598.1,Delivered
ORD-90605,CUST-1161,PROD-5044,2026-05-15 03:53:28,1,759.05,Delivered
ORD-90249,CUST-1194,PROD-5038,2026-05-15 04:17:10,1,2804.15,Cancelled
ORD-90265,CUST-1176,PROD-5007,2026-05-15 06:21:30,1,15999.2,Delivered
ORD-90509,CUST-1100,PROD-5020,2026-05-15 12:52:34,1,3499.0,Delivered
ORD-90558,CUST-1026,PROD-5047,2026-05-15 20:37:18,1,1749.0,Delivered
ORD-90597,CUST-1167,PROD-5025,2026-05-15 21:19:25,5,7595.25,Delivered
ORD-90463,CUST-1133,PROD-5045,2026-05-15 23:39:53,1,5849.1,Delivered
ORD-90686,CUST-1120,PROD-5031,2026-05-15 23:46:23,4,960.0,In-Transit
ORD-90346,CUST-1195,PROD-5043,2026-05-16 01:24:59,1,2089.05,Delivered
ORD-90535,CUST-1056,PROD-5008,2026-05-16 19:40:49,1,1699.0,Delivered
ORD-90123,CUST-1031,PROD-5050,2026-05-17 00:14:55,1,675.0,Delivered
ORD-90667,CUST-1023,PROD-5032,2026-05-17 03:29:35,1,552.5,Delivered
ORD-90229,CUST-1191,PROD-5005,2026-05-17 05:08:29,1,16499.0,Delivered
ORD-90285,CUST-1133,PROD-5049,2026-05-17 15:53:19,3,889.95,Cancelled
ORD-90338,CUST-1126,PROD-5021,2026-05-17 18:38:14,1,1299.0,Delivered
ORD-90082,CUST-1148,PROD-5051,2026-05-18 01:46:44,1,375.0,Cancelled
ORD-90035,CUST-1123,PROD-5059,2026-05-18 02:33:58,2,3598.2,Delivered
ORD-90433,CUST-1106,PROD-5002,2026-05-18 07:35:09,1,1899.05,Delivered
ORD-90165,CUST-1062,PROD-5004,2026-05-18 11:21:29,1,949.05,Delivered
ORD-90717,CUST-1157,PROD-5006,2026-05-18 14:51:38,1,8549.1,In-Transit
ORD-90624,CUST-1011,PROD-5057,2026-05-18 17:08:45,1,213.75,Cancelled
ORD-90530,CUST-1197,PROD-5046,2026-05-19 08:14:55,1,399.2,Delivered
ORD-90479,CUST-1059,PROD-5013,2026-05-19 11:39:54,2,2848.1,Cancelled
ORD-90529,CUST-1047,PROD-5013,2026-05-19 13:27:17,2,2548.3,Delivered
ORD-90542,CUST-1186,PROD-5009,2026-05-19 16:19:44,3,105165.0,Delivered
ORD-90278,CUST-1003,PROD-5015,2026-05-20 00:13:28,1,1512.0,Delivered
ORD-90404,CUST-1158,PROD-5054,2026-05-20 01:51:43,1,1475.0,Cancelled
ORD-90495,CUST-1056,PROD-5053,2026-05-20 09:04:32,1,351.0,Delivered
ORD-90663,CUST-1138,PROD-5002,2026-05-20 10:34:24,1,1999.0,In-Transit
ORD-90042,CUST-1176,PROD-5022,2026-05-20 23:13:46,2,5508.1,Cancelled
ORD-90602,CUST-1016,PROD-5041,2026-05-21 00:52:22,3,2652.0,Cancelled
ORD-90393,CUST-1059,PROD-5059,2026-05-21 05:23:12,1,1899.05,Delivered
ORD-90287,CUST-1128,PROD-5019,2026-05-21 09:00:50,3,4272.15,Cancelled
ORD-90487,CUST-1093,PROD-5040,2026-05-21 10:17:35,1,1975.0,Delivered
ORD-90037,CUST-1092,PROD-5020,2026-05-21 18:57:55,1,2974.15,Delivered
ORD-90508,CUST-1022,PROD-5007,2026-05-21 23:06:58,1,19999.0,In-Transit
ORD-90475,CUST-1180,PROD-5054,2026-05-22 03:17:54,1,1475.0,Delivered
ORD-90748,CUST-1067,PROD-5053,2026-05-22 09:25:39,1,390.0,In-Transit
ORD-90614,CUST-1157,PROD-5040,2026-05-22 19:40:11,1,1777.5,Delivered
ORD-90169,CUST-1192,PROD-5050,2026-05-23 04:31:59,2,1500.0,In-Transit
ORD-90522,CUST-1191,PROD-5035,2026-05-23 04:48:05,1,369.75,Delivered
ORD-90618,CUST-1196,PROD-5001,2026-05-23 09:37:57,4,5196.0,Delivered
ORD-90058,CUST-1146,PROD-5031,2026-05-23 15:23:40,1,240.0,In-Transit
ORD-90736,CUST-1167,PROD-5055,2026-05-23 22:21:51,1,199.0,Delivered
ORD-90677,CUST-1172,PROD-5008,2026-05-23 22:39:38,1,1699.0,Delivered
ORD-90271,CUST-1181,PROD-5013,2026-05-24 04:49:39,1,1424.05,Delivered
ORD-90117,CUST-1075,PROD-5003,2026-05-24 08:54:26,1,1799.0,Cancelled
ORD-90024,CUST-1106,PROD-5020,2026-05-24 10:18:36,1,2799.2,Cancelled
ORD-90279,CUST-1182,PROD-5042,2026-05-24 11:21:25,1,807.5,Delivered
ORD-90452,CUST-1094,PROD-5040,2026-05-24 12:12:18,5,9381.25,Delivered
ORD-90132,CUST-1132,PROD-5048,2026-05-25 00:37:32,2,848.3,Delivered
ORD-90603,CUST-1008,PROD-5036,2026-05-25 09:47:52,1,168.0,Delivered
ORD-90430,CUST-1132,PROD-5042,2026-05-25 12:40:01,1,850.0,Delivered
ORD-90525,CUST-1048,PROD-5007,2026-05-25 18:44:56,1,17999.1,Cancelled
ORD-90136,CUST-1083,PROD-5054,2026-05-26 01:38:22,1,1401.25,Delivered
ORD-90011,CUST-1121,PROD-5003,2026-05-26 17:56:22,1,1619.1,Cancelled
ORD-90708,CUST-1107,PROD-5010,2026-05-27 00:22:18,5,8550.0,Delivered
ORD-90406,CUST-1141,PROD-5005,2026-05-27 10:32:22,2,32998.0,Delivered
ORD-90085,CUST-1113,PROD-5052,2026-05-27 13:42:06,2,898.0,Cancelled
ORD-90518,CUST-1111,PROD-5052,2026-05-27 21:07:05,1,404.1,Delivered
ORD-90373,CUST-1186,PROD-5013,2026-05-28 02:58:03,1,1199.2,Delivered
ORD-90241,CUST-1170,PROD-5019,2026-05-28 17:59:14,1,1499.0,Delivered
ORD-90534,CUST-1124,PROD-5041,2026-05-29 00:34:11,1,884.0,Cancelled
ORD-90196,CUST-1013,PROD-5044,2026-05-29 00:41:55,1,639.2,Delivered
ORD-90571,CUST-1060,PROD-5017,2026-05-29 07:30:38,1,3799.05,In-Transit
ORD-90023,CUST-1083,PROD-5016,2026-05-29 14:19:27,3,31197.6,Delivered
ORD-90567,CUST-1035,PROD-5057,2026-05-29 14:41:02,1,180.0,Delivered
ORD-90691,CUST-1167,PROD-5005,2026-05-29 15:58:21,1,15674.05,Delivered
ORD-90601,CUST-1091,PROD-5041,2026-05-29 16:56:32,1,832.0,Delivered
ORD-90264,CUST-1006,PROD-5022,2026-05-29 20:20:18,1,2464.15,Cancelled
ORD-90557,CUST-1188,PROD-5005,2026-05-30 00:17:52,1,16499.0,Delivered
ORD-90180,CUST-1145,PROD-5051,2026-05-30 00:19:12,2,750.0,Delivered
ORD-90626,CUST-1113,PROD-5026,2026-05-30 03:19:30,2,9998.0,Delivered
ORD-90142,CUST-1102,PROD-5041,2026-05-30 07:46:34,2,1872.0,Delivered
ORD-90409,CUST-1158,PROD-5043,2026-05-30 08:33:03,2,4398.0,Delivered
ORD-90305,CUST-1129,PROD-5038,2026-05-30 10:35:59,1,2804.15,Delivered
ORD-90515,CUST-1023,PROD-5029,2026-05-30 18:46:11,1,28.0,Delivered
ORD-90636,CUST-1014,PROD-5027,2026-05-30 19:40:26,1,486.0,Delivered
ORD-90193,CUST-1054,PROD-5029,2026-05-30 20:49:05,1,23.8,Delivered
ORD-90217,CUST-1127,PROD-5035,2026-05-31 00:17:30,1,435.0,Delivered
ORD-90166,CUST-1156,PROD-5004,2026-05-31 01:23:46,2,1798.2,Delivered
ORD-90673,CUST-1030,PROD-5001,2026-05-31 09:16:40,4,4676.4,Delivered
ORD-90192,CUST-1116,PROD-5030,2026-05-31 23:30:04,1,470.25,In-Transit
ORD-90474,CUST-1059,PROD-5052,2026-06-01 07:24:42,1,426.55,Delivered
ORD-90157,CUST-1004,PROD-5024,2026-06-01 10:52:10,1,1147.5,Delivered
ORD-90081,CUST-1046,PROD-5026,2026-06-01 23:17:21,1,4499.1,Delivered
ORD-90524,CUST-1126,PROD-5013,2026-06-02 06:18:29,1,1499.0,Delivered
ORD-90080,CUST-1035,PROD-5020,2026-06-02 06:24:28,1,3149.1,Delivered
ORD-90384,CUST-1175,PROD-5057,2026-06-02 07:40:29,1,202.5,Delivered
ORD-90036,CUST-1062,PROD-5036,2026-06-02 10:50:04,2,319.2,Delivered
ORD-90550,CUST-1105,PROD-5042,2026-06-02 12:44:27,1,807.5,Delivered
ORD-90563,CUST-1081,PROD-5036,2026-06-03 00:59:52,2,319.2,Delivered
ORD-90499,CUST-1073,PROD-5023,2026-06-03 03:01:49,2,4170.5,Cancelled
ORD-90065,CUST-1102,PROD-5050,2026-06-03 09:01:31,1,750.0,In-Transit
ORD-90163,CUST-1040,PROD-5035,2026-06-03 10:46:00,1,391.5,Cancelled
ORD-90407,CUST-1149,PROD-5032,2026-06-04 05:52:37,1,585.0,Delivered
ORD-90293,CUST-1079,PROD-5027,2026-06-04 08:02:59,1,513.0,Delivered
ORD-90720,CUST-1147,PROD-5047,2026-06-04 08:58:01,1,1399.2,Cancelled
ORD-90078,CUST-1002,PROD-5026,2026-06-04 12:14:39,2,9498.1,Cancelled
ORD-90683,CUST-1092,PROD-5020,2026-06-04 12:46:47,2,6298.2,Delivered
ORD-90292,CUST-1047,PROD-5044,2026-06-05 04:09:38,2,1598.0,Delivered
ORD-90283,CUST-1124,PROD-5005,2026-06-05 07:11:43,5,74245.5,Cancelled
ORD-90501,CUST-1043,PROD-5041,2026-06-05 12:20:36,1,936.0,Delivered
ORD-90350,CUST-1049,PROD-5046,2026-06-05 14:53:04,1,474.05,In-Transit
ORD-90334,CUST-1058,PROD-5043,2026-06-05 16:35:42,1,1979.1,Delivered
ORD-90680,CUST-1080,PROD-5040,2026-06-05 18:38:15,1,1975.0,Delivered
ORD-90439,CUST-1186,PROD-5044,2026-06-06 12:57:49,3,2277.15,Delivered
ORD-90326,CUST-1096,PROD-5053,2026-06-06 13:12:13,1,370.5,In-Transit
ORD-90307,CUST-1176,PROD-5009,2026-06-06 13:15:02,5,175275.0,Cancelled
ORD-90590,CUST-1074,PROD-5001,2026-06-06 15:45:37,2,2598.0,Delivered
ORD-90137,CUST-1125,PROD-5051,2026-06-06 17:56:33,3,1012.5,Delivered
ORD-90702,CUST-1112,PROD-5046,2026-06-06 20:23:21,5,2370.25,Delivered
ORD-90017,CUST-1064,PROD-5030,2026-06-07 05:13:16,1,495.0,Cancelled
ORD-90467,CUST-1150,PROD-5023,2026-06-07 11:21:04,4,8780.0,Delivered
ORD-90014,CUST-1168,PROD-5056,2026-06-07 12:43:30,1,112.0,Delivered
ORD-90097,CUST-1187,PROD-5010,2026-06-07 15:19:45,1,1805.0,Delivered
ORD-90122,CUST-1116,PROD-5017,2026-06-07 16:29:11,3,11997.0,Cancelled
ORD-90380,CUST-1104,PROD-5006,2026-06-07 20:20:08,1,9499.0,Delivered
ORD-90428,CUST-1133,PROD-5026,2026-06-08 12:37:26,2,9998.0,Cancelled
ORD-90052,CUST-1065,PROD-5053,2026-06-08 19:48:54,1,370.5,Delivered
ORD-90712,CUST-1116,PROD-5025,2026-06-08 23:51:06,1,1519.05,Delivered
ORD-90066,CUST-1126,PROD-5015,2026-06-09 02:12:01,1,1795.5,Delivered
ORD-90378,CUST-1147,PROD-5036,2026-06-09 12:47:59,1,151.2,Delivered
ORD-90070,CUST-1079,PROD-5029,2026-06-09 21:20:13,2,56.0,Delivered
ORD-90555,CUST-1164,PROD-5004,2026-06-10 02:02:14,1,799.2,Delivered
ORD-90496,CUST-1086,PROD-5017,2026-06-10 02:12:17,1,3799.05,Cancelled
ORD-90687,CUST-1067,PROD-5059,2026-06-10 13:47:48,1,1799.1,Delivered
ORD-90489,CUST-1193,PROD-5024,2026-06-10 21:23:12,3,4050.0,Delivered
ORD-90488,CUST-1157,PROD-5022,2026-06-11 01:19:48,1,2754.05,Delivered
ORD-90553,CUST-1066,PROD-5004,2026-06-11 03:20:00,1,899.1,Delivered
ORD-90714,CUST-1140,PROD-5037,2026-06-11 06:12:15,1,899.0,Delivered
ORD-90172,CUST-1146,PROD-5011,2026-06-11 09:32:57,1,1799.1,In-Transit
ORD-90459,CUST-1068,PROD-5015,2026-06-12 00:13:01,1,1890.0,Delivered
ORD-90187,CUST-1180,PROD-5058,2026-06-12 07:56:18,1,1169.1,Delivered
ORD-90400,CUST-1187,PROD-5042,2026-06-12 10:54:51,4,3400.0,Cancelled
ORD-90027,CUST-1039,PROD-5020,2026-06-13 02:25:53,1,3324.05,Delivered
ORD-90520,CUST-1166,PROD-5025,2026-06-13 11:16:34,1,1599.0,Delivered
ORD-90339,CUST-1141,PROD-5042,2026-06-13 12:34:44,1,850.0,Delivered
ORD-90041,CUST-1085,PROD-5015,2026-06-13 18:10:53,1,1890.0,Delivered
ORD-90067,CUST-1150,PROD-5043,2026-06-13 19:16:02,1,1979.1,Cancelled
ORD-90634,CUST-1097,PROD-5036,2026-06-13 21:45:26,1,168.0,Delivered
ORD-90026,CUST-1165,PROD-5043,2026-06-14 00:18:33,2,4398.0,Delivered
ORD-90246,CUST-1095,PROD-5057,2026-06-14 01:39:48,1,213.75,Delivered
ORD-90473,CUST-1067,PROD-5005,2026-06-14 07:23:11,1,13199.2,Delivered
ORD-90706,CUST-1082,PROD-5046,2026-06-14 07:55:44,1,474.05,Delivered
ORD-90729,CUST-1106,PROD-5050,2026-06-14 09:41:15,1,712.5,Delivered
ORD-90151,CUST-1151,PROD-5047,2026-06-14 13:43:06,1,1661.55,Cancelled
ORD-90327,CUST-1070,PROD-5054,2026-06-14 21:33:52,2,2802.5,Delivered
ORD-90256,CUST-1018,PROD-5006,2026-06-15 08:40:23,1,9024.05,Cancelled
ORD-90552,CUST-1147,PROD-5042,2026-06-15 11:00:06,2,1615.0,Delivered
ORD-90532,CUST-1054,PROD-5031,2026-06-15 13:26:39,2,480.0,Delivered
ORD-90394,CUST-1081,PROD-5002,2026-06-15 15:12:36,2,3798.1,Delivered
ORD-90069,CUST-1040,PROD-5048,2026-06-15 15:46:12,1,499.0,Delivered
ORD-90260,CUST-1138,PROD-5057,2026-06-15 18:32:47,3,675.0,Delivered
ORD-90737,CUST-1168,PROD-5038,2026-06-15 22:54:31,1,2969.1,Delivered
ORD-90749,CUST-1052,PROD-5040,2026-06-16 05:48:32,1,1876.25,Delivered
ORD-90600,CUST-1086,PROD-5032,2026-06-16 09:22:33,2,1300.0,Delivered
ORD-90580,CUST-1075,PROD-5051,2026-06-16 13:40:32,1,375.0,Delivered
ORD-90483,CUST-1131,PROD-5018,2026-06-17 06:15:10,1,1139.05,Delivered
ORD-90160,CUST-1016,PROD-5051,2026-06-17 06:41:52,1,337.5,Delivered
ORD-90092,CUST-1174,PROD-5042,2026-06-17 14:21:13,4,3400.0,Cancelled
ORD-90088,CUST-1123,PROD-5038,2026-06-17 19:53:13,1,2639.2,Cancelled
ORD-90308,CUST-1043,PROD-5059,2026-06-18 07:56:28,1,1999.0,In-Transit
ORD-90468,CUST-1050,PROD-5030,2026-06-18 10:34:24,1,495.0,Delivered
ORD-90102,CUST-1060,PROD-5052,2026-06-18 15:39:28,1,449.0,Delivered
ORD-90465,CUST-1172,PROD-5026,2026-06-18 17:32:18,1,4749.05,Cancelled
ORD-90435,CUST-1047,PROD-5034,2026-06-18 17:33:48,1,759.05,Delivered
ORD-90690,CUST-1131,PROD-5007,2026-06-18 18:38:01,2,35998.2,Delivered
ORD-90267,CUST-1055,PROD-5059,2026-06-19 01:33:05,2,3598.2,Cancelled
ORD-90276,CUST-1069,PROD-5042,2026-06-19 12:26:30,1,722.5,In-Transit
ORD-90332,CUST-1029,PROD-5057,2026-06-19 20:43:24,1,225.0,Delivered
ORD-90049,CUST-1137,PROD-5036,2026-06-19 20:58:35,1,159.6,Delivered
ORD-90497,CUST-1089,PROD-5002,2026-06-19 22:56:41,1,1699.15,In-Transit
ORD-90073,CUST-1004,PROD-5019,2026-06-20 08:29:40,1,1499.0,In-Transit
ORD-90233,CUST-1043,PROD-5057,2026-06-20 09:28:08,1,213.75,Delivered
ORD-90258,CUST-1108,PROD-5008,2026-06-20 11:26:29,1,1614.05,Delivered
ORD-90096,CUST-1027,PROD-5019,2026-06-20 18:35:09,3,4497.0,Cancelled
ORD-90329,CUST-1041,PROD-5007,2026-06-20 18:49:46,3,56997.15,Delivered
ORD-90315,CUST-1180,PROD-5009,2026-06-21 07:52:10,2,73800.0,Delivered
ORD-90441,CUST-1130,PROD-5044,2026-06-21 12:23:11,2,1438.2,Delivered
ORD-90012,CUST-1187,PROD-5042,2026-06-21 15:01:43,1,722.5,Delivered
ORD-90145,CUST-1031,PROD-5056,2026-06-22 00:07:32,2,266.0,Delivered
ORD-90087,CUST-1040,PROD-5046,2026-06-22 03:55:09,2,998.0,In-Transit
ORD-90447,CUST-1148,PROD-5007,2026-06-22 14:55:27,1,18999.05,Delivered
ORD-90711,CUST-1179,PROD-5039,2026-06-22 15:55:30,1,949.05,Delivered
ORD-90651,CUST-1181,PROD-5019,2026-06-22 22:12:50,1,1499.0,Delivered
ORD-90139,CUST-1117,PROD-5001,2026-06-23 01:41:21,1,1169.1,Delivered
ORD-90445,CUST-1179,PROD-5034,2026-06-23 07:04:51,1,679.15,Cancelled
ORD-90170,CUST-1086,PROD-5052,2026-06-23 08:47:51,1,449.0,Delivered
ORD-90079,CUST-1113,PROD-5022,2026-06-23 14:49:01,2,4928.3,In-Transit
ORD-90491,CUST-1061,PROD-5036,2026-06-23 22:17:07,3,504.0,Cancelled
ORD-90301,CUST-1034,PROD-5040,2026-06-24 05:14:30,1,1876.25,In-Transit
ORD-90239,CUST-1156,PROD-5057,2026-06-24 07:31:13,1,225.0,Delivered
ORD-90575,CUST-1086,PROD-5023,2026-06-24 08:00:18,1,1865.75,Cancelled
ORD-90411,CUST-1190,PROD-5042,2026-06-24 16:29:07,1,807.5,Delivered
ORD-90223,CUST-1041,PROD-5047,2026-06-24 19:57:15,2,2798.4,Delivered
ORD-90325,CUST-1085,PROD-5023,2026-06-24 23:53:50,4,8780.0,Cancelled
ORD-90541,CUST-1194,PROD-5023,2026-06-25 04:34:41,2,4390.0,Delivered
ORD-90587,CUST-1090,PROD-5040,2026-06-25 20:50:54,1,1876.25,In-Transit
ORD-90371,CUST-1200,PROD-5056,2026-06-26 00:49:37,2,238.0,Delivered
ORD-90696,CUST-1025,PROD-5053,2026-06-26 10:51:28,1,312.0,Delivered
ORD-90726,CUST-1039,PROD-5043,2026-06-26 17:33:16,1,2199.0,Cancelled
ORD-90253,CUST-1031,PROD-5049,2026-06-27 04:40:36,1,279.2,In-Transit
ORD-90235,CUST-1058,PROD-5011,2026-06-27 15:09:06,1,1699.15,Delivered
ORD-90197,CUST-1104,PROD-5055,2026-06-27 19:24:36,1,189.05,Delivered
ORD-90546,CUST-1139,PROD-5024,2026-06-28 04:09:41,1,1215.0,Delivered
ORD-90424,CUST-1121,PROD-5059,2026-06-28 06:47:31,3,5997.0,Delivered
ORD-90485,CUST-1199,PROD-5012,2026-06-28 18:41:16,5,20205.0,Delivered
ORD-90108,CUST-1091,PROD-5055,2026-06-28 21:47:05,1,169.15,Delivered
ORD-90138,CUST-1161,PROD-5051,2026-06-29 05:48:22,1,300.0,Delivered
ORD-90472,CUST-1118,PROD-5044,2026-06-29 11:06:46,3,2037.45,Delivered
ORD-90043,CUST-1190,PROD-5032,2026-06-29 11:37:07,1,585.0,Delivered
ORD-90531,CUST-1009,PROD-5013,2026-06-29 11:38:42,2,2998.0,Delivered
ORD-90008,CUST-1015,PROD-5036,2026-06-29 18:50:20,2,336.0,Delivered
ORD-90527,CUST-1128,PROD-5024,2026-06-30 00:55:34,2,2700.0,Delivered
ORD-90322,CUST-1076,PROD-5017,2026-06-30 03:41:21,1,3399.15,Cancelled
ORD-90280,CUST-1065,PROD-5014,2026-06-30 14:58:13,1,2365.5,Delivered
ORD-90674,CUST-1023,PROD-5022,2026-06-30 15:47:57,3,8697.0,Cancelled
ORD-90544,CUST-1083,PROD-5047,2026-06-30 22:52:39,1,1486.65,In-Transit
ORD-90337,CUST-1041,PROD-5033,2026-07-01 03:02:41,3,701.25,Delivered
ORD-90002,CUST-1180,PROD-5036,2026-07-01 10:13:04,2,285.6,Cancelled
ORD-90492,CUST-1190,PROD-5010,2026-07-01 20:16:45,2,3800.0,Delivered
ORD-90261,CUST-1147,PROD-5039,2026-07-01 20:33:25,1,999.0,Delivered
ORD-90617,CUST-1100,PROD-5032,2026-07-02 00:17:12,1,650.0,Delivered
ORD-90277,CUST-1175,PROD-5001,2026-07-02 01:27:11,3,3507.3,Delivered
ORD-90660,CUST-1123,PROD-5059,2026-07-02 03:19:56,2,3598.2,Delivered
ORD-90511,CUST-1084,PROD-5056,2026-07-02 11:02:30,1,119.0,In-Transit
ORD-90098,CUST-1124,PROD-5023,2026-07-02 11:04:41,1,1975.5,Delivered
ORD-90033,CUST-1144,PROD-5014,2026-07-03 02:08:20,1,2116.5,Delivered
ORD-90234,CUST-1026,PROD-5054,2026-07-03 02:34:54,2,2802.5,Cancelled
ORD-90412,CUST-1085,PROD-5057,2026-07-03 04:44:51,1,213.75,Delivered
ORD-90362,CUST-1091,PROD-5036,2026-07-03 06:41:09,1,134.4,Delivered
ORD-90437,CUST-1156,PROD-5031,2026-07-03 12:44:14,1,204.0,Delivered
ORD-90238,CUST-1158,PROD-5058,2026-07-03 17:42:59,2,2468.1,Delivered
ORD-90670,CUST-1049,PROD-5022,2026-07-03 21:08:33,2,5508.1,Cancelled
ORD-90471,CUST-1097,PROD-5037,2026-07-03 21:52:43,2,1618.2,In-Transit
ORD-90114,CUST-1092,PROD-5001,2026-07-04 02:26:28,1,1104.15,In-Transit
ORD-90209,CUST-1140,PROD-5051,2026-07-04 02:46:12,1,356.25,Delivered
ORD-90695,CUST-1183,PROD-5037,2026-07-04 11:51:41,1,854.05,Delivered
ORD-90688,CUST-1084,PROD-5030,2026-07-04 15:56:45,1,470.25,Delivered
ORD-90540,CUST-1028,PROD-5009,2026-07-04 17:30:45,1,29520.0,Cancelled
ORD-90044,CUST-1185,PROD-5035,2026-07-04 19:43:08,1,369.75,In-Transit
ORD-90130,CUST-1174,PROD-5026,2026-07-05 01:02:34,1,4499.1,Delivered
ORD-90554,CUST-1054,PROD-5042,2026-07-05 10:06:56,3,2167.5,Delivered
ORD-90517,CUST-1003,PROD-5045,2026-07-05 12:34:03,4,24696.2,Delivered
ORD-90185,CUST-1061,PROD-5027,2026-07-05 13:01:14,4,1728.0,Delivered
ORD-90075,CUST-1078,PROD-5018,2026-07-05 18:07:26,1,1199.0,Delivered
ORD-90639,CUST-1002,PROD-5039,2026-07-05 19:43:19,1,949.05,Delivered
ORD-90320,CUST-1147,PROD-5043,2026-07-05 22:41:30,1,2199.0,Delivered
ORD-90115,CUST-1130,PROD-5042,2026-07-06 02:43:36,1,807.5,Delivered
ORD-90549,CUST-1135,PROD-5044,2026-07-06 14:44:49,2,1598.0,Delivered
ORD-90352,CUST-1130,PROD-5009,2026-07-06 20:42:35,1,33210.0,Delivered
ORD-90086,CUST-1105,PROD-5044,2026-07-06 22:55:17,1,799.0,Delivered
ORD-90156,CUST-1029,PROD-5016,2026-07-07 00:13:24,1,12999.0,In-Transit
ORD-90429,CUST-1155,PROD-5001,2026-07-07 10:43:47,3,3702.15,Delivered
ORD-90050,CUST-1074,PROD-5002,2026-07-07 12:29:46,2,3598.2,Cancelled
ORD-90578,CUST-1039,PROD-5021,2026-07-07 13:21:40,2,2598.0,Delivered
ORD-90396,CUST-1092,PROD-5060,2026-07-07 15:23:24,1,1619.1,Delivered
ORD-90005,CUST-1141,PROD-5058,2026-07-08 03:44:25,1,1234.05,Delivered
ORD-90669,CUST-1024,PROD-5029,2026-07-08 06:06:22,1,26.6,Delivered
ORD-90456,CUST-1026,PROD-5014,2026-07-08 17:03:09,1,2490.0,Delivered
ORD-90386,CUST-1096,PROD-5033,2026-07-08 18:52:46,1,275.0,In-Transit
ORD-90374,CUST-1045,PROD-5048,2026-07-09 18:41:59,1,499.0,Delivered
ORD-90387,CUST-1050,PROD-5021,2026-07-09 18:55:22,1,1299.0,In-Transit
ORD-90678,CUST-1160,PROD-5036,2026-07-09 19:41:46,1,159.6,Delivered
ORD-90625,CUST-1143,PROD-5025,2026-07-10 05:19:28,2,2558.4,Delivered
ORD-90252,CUST-1147,PROD-5058,2026-07-10 08:32:37,2,2338.2,Delivered
ORD-90154,CUST-1078,PROD-5014,2026-07-10 12:53:08,1,2490.0,Delivered
ORD-90462,CUST-1169,PROD-5060,2026-07-10 14:46:09,1,1799.0,Delivered
ORD-90662,CUST-1191,PROD-5004,2026-07-11 04:22:38,1,899.1,Delivered
ORD-90074,CUST-1063,PROD-5037,2026-07-11 04:31:23,1,854.05,Delivered
ORD-90425,CUST-1027,PROD-5046,2026-07-11 05:46:25,1,499.0,Cancelled
ORD-90347,CUST-1075,PROD-5036,2026-07-11 08:37:36,1,168.0,In-Transit
ORD-90317,CUST-1200,PROD-5017,2026-07-11 14:02:15,5,18995.25,Delivered
ORD-90269,CUST-1200,PROD-5055,2026-07-11 19:21:03,3,597.0,Delivered
ORD-90740,CUST-1106,PROD-5007,2026-07-11 23:54:32,1,18999.05,Delivered
ORD-90221,CUST-1029,PROD-5055,2026-07-12 04:42:42,3,477.6,Delivered
ORD-90733,CUST-1068,PROD-5010,2026-07-13 00:02:22,3,5700.0,In-Transit
ORD-90303,CUST-1083,PROD-5049,2026-07-13 02:47:48,1,314.1,Delivered
ORD-90735,CUST-1025,PROD-5059,2026-07-13 04:00:23,1,1599.2,Delivered
ORD-90732,CUST-1193,PROD-5060,2026-07-13 09:43:37,1,1619.1,Delivered
ORD-90388,CUST-1198,PROD-5035,2026-07-13 12:55:09,1,435.0,Delivered
ORD-90514,CUST-1164,PROD-5041,2026-07-13 15:36:51,1,1040.0,Delivered
ORD-90363,CUST-1173,PROD-5048,2026-07-13 16:10:02,1,424.15,Cancelled
ORD-90493,CUST-1162,PROD-5034,2026-07-13 16:32:21,2,1438.2,Delivered
ORD-90661,CUST-1161,PROD-5030,2026-07-14 06:27:00,3,1410.75,Cancelled
ORD-90470,CUST-1132,PROD-5017,2026-07-14 10:48:41,2,7598.1,Delivered
ORD-90414,CUST-1036,PROD-5058,2026-07-14 14:08:31,1,1169.1,Delivered
ORD-90608,CUST-1177,PROD-5046,2026-07-14 17:06:37,3,1422.15,In-Transit
ORD-90417,CUST-1140,PROD-5058,2026-07-14 19:04:39,1,1169.1,Delivered
ORD-90062,CUST-1174,PROD-5058,2026-07-14 23:12:12,1,1169.1,Delivered
ORD-90484,CUST-1109,PROD-5031,2026-07-15 00:09:40,1,240.0,Cancelled
ORD-90607,CUST-1036,PROD-5038,2026-07-15 02:53:30,2,6598.0,Delivered
ORD-90481,CUST-1196,PROD-5055,2026-07-15 03:27:05,4,676.6,Delivered
ORD-90361,CUST-1046,PROD-5033,2026-07-15 08:11:36,2,550.0,Delivered
ORD-90237,CUST-1188,PROD-5005,2026-07-16 05:25:13,4,52796.8,Delivered
ORD-90739,CUST-1047,PROD-5021,2026-07-16 08:03:34,1,1299.0,Delivered
ORD-90692,CUST-1159,PROD-5016,2026-07-16 09:37:39,1,12349.05,Delivered
ORD-90318,CUST-1042,PROD-5003,2026-07-16 10:30:42,1,1799.0,In-Transit
ORD-90581,CUST-1191,PROD-5004,2026-07-16 10:34:31,1,999.0,Delivered
ORD-90592,CUST-1193,PROD-5017,2026-07-16 13:35:37,1,3599.1,Delivered
ORD-90206,CUST-1106,PROD-5057,2026-07-16 22:23:42,1,225.0,Delivered
ORD-90273,CUST-1122,PROD-5038,2026-07-17 01:24:04,1,3299.0,In-Transit
ORD-90101,CUST-1133,PROD-5012,2026-07-17 04:05:18,1,4265.5,In-Transit
ORD-90370,CUST-1176,PROD-5021,2026-07-17 05:05:13,1,1169.1,Delivered
ORD-90476,CUST-1088,PROD-5005,2026-07-17 16:23:50,4,62696.2,Delivered
ORD-90569,CUST-1142,PROD-5033,2026-07-18 00:39:12,1,261.25,Delivered
ORD-90071,CUST-1111,PROD-5029,2026-07-18 03:44:18,1,26.6,Delivered
ORD-90029,CUST-1106,PROD-5027,2026-07-18 05:08:40,1,513.0,Delivered
ORD-90453,CUST-1142,PROD-5051,2026-07-18 06:25:49,1,356.25,Delivered
ORD-90336,CUST-1099,PROD-5010,2026-07-18 10:04:21,3,5130.0,Delivered
ORD-90519,CUST-1049,PROD-5027,2026-07-18 20:22:21,1,540.0,Delivered
ORD-90368,CUST-1191,PROD-5042,2026-07-18 23:42:37,1,807.5,Cancelled
ORD-90224,CUST-1045,PROD-5046,2026-07-19 03:00:14,2,798.4,Cancelled
ORD-90039,CUST-1106,PROD-5003,2026-07-19 05:33:18,3,4857.3,Delivered
ORD-90216,CUST-1145,PROD-5010,2026-07-19 08:16:39,4,6460.0,Cancelled
ORD-90148,CUST-1018,PROD-5034,2026-07-19 09:07:38,1,719.1,Delivered
ORD-90083,CUST-1094,PROD-5008,2026-07-19 11:44:01,1,1359.2,Delivered
ORD-90053,CUST-1104,PROD-5030,2026-07-19 17:06:03,1,445.5,Delivered
ORD-90494,CUST-1144,PROD-5055,2026-07-20 06:18:02,1,199.0,Delivered
ORD-90297,CUST-1088,PROD-5027,2026-07-20 13:36:46,3,1296.0,Delivered
ORD-90426,CUST-1149,PROD-5035,2026-07-20 17:08:20,1,391.5,Delivered
ORD-90701,CUST-1082,PROD-5020,2026-07-20 17:40:50,2,6298.2,In-Transit
ORD-90583,CUST-1102,PROD-5042,2026-07-20 22:35:38,1,765.0,Cancelled
ORD-90288,CUST-1150,PROD-5046,2026-07-21 01:54:39,2,998.0,Delivered
ORD-90482,CUST-1081,PROD-5032,2026-07-21 13:27:15,3,1852.5,In-Transit
ORD-90094,CUST-1149,PROD-5045,2026-07-21 16:47:28,1,6174.05,Delivered
ORD-90498,CUST-1051,PROD-5037,2026-07-21 19:51:45,1,854.05,In-Transit
ORD-90574,CUST-1010,PROD-5047,2026-07-21 21:40:36,1,1574.1,In-Transit
ORD-90454,CUST-1065,PROD-5020,2026-07-22 04:02:58,1,3149.1,Cancelled
ORD-90354,CUST-1046,PROD-5045,2026-07-22 08:15:31,1,5524.15,Delivered
ORD-90715,CUST-1095,PROD-5008,2026-07-22 16:14:54,1,1529.1,Delivered
ORD-90133,CUST-1125,PROD-5021,2026-07-23 00:06:33,1,1169.1,Cancelled
ORD-90200,CUST-1166,PROD-5006,2026-07-23 01:49:32,1,8074.15,Delivered
ORD-90040,CUST-1142,PROD-5060,2026-07-23 09:47:09,1,1709.05,Delivered
ORD-90353,CUST-1111,PROD-5054,2026-07-23 14:51:36,1,1401.25,In-Transit
ORD-90451,CUST-1110,PROD-5042,2026-07-23 16:01:22,1,722.5,Delivered
ORD-90222,CUST-1170,PROD-5026,2026-07-23 19:02:08,1,4999.0,Delivered
ORD-90504,CUST-1093,PROD-5048,2026-07-23 23:14:39,1,474.05,Delivered
ORD-90159,CUST-1019,PROD-5002,2026-07-24 01:18:44,1,1999.0,Delivered
ORD-90225,CUST-1058,PROD-5043,2026-07-24 08:42:23,2,4178.1,Cancelled
ORD-90446,CUST-1098,PROD-5023,2026-07-24 09:09:46,2,3731.5,Cancelled
ORD-90215,CUST-1179,PROD-5023,2026-07-24 20:52:51,1,1975.5,In-Transit
ORD-90573,CUST-1177,PROD-5045,2026-07-24 21:26:16,2,12998.0,Delivered
ORD-90682,CUST-1181,PROD-5039,2026-07-25 02:26:39,1,899.1,Delivered
ORD-90077,CUST-1161,PROD-5032,2026-07-25 07:20:18,1,617.5,Delivered
ORD-90586,CUST-1083,PROD-5023,2026-07-25 07:40:05,2,3951.0,Delivered
ORD-90311,CUST-1160,PROD-5004,2026-07-25 07:53:12,5,4495.5,Delivered
ORD-90255,CUST-1161,PROD-5010,2026-07-25 13:07:23,1,1615.0,In-Transit
ORD-90728,CUST-1022,PROD-5010,2026-07-25 15:26:11,4,7600.0,Delivered
ORD-90697,CUST-1028,PROD-5044,2026-07-25 19:27:02,2,1518.1,Delivered
ORD-90107,CUST-1164,PROD-5021,2026-07-25 22:05:08,1,1234.05,Delivered
ORD-90598,CUST-1081,PROD-5032,2026-07-25 22:43:03,1,650.0,Delivered
ORD-90448,CUST-1022,PROD-5019,2026-07-26 04:14:39,3,4272.15,Delivered
ORD-90243,CUST-1170,PROD-5041,2026-07-26 13:12:25,1,1040.0,Delivered
ORD-90643,CUST-1148,PROD-5054,2026-07-27 03:30:50,1,1180.0,Delivered
ORD-90743,CUST-1031,PROD-5006,2026-07-27 10:02:24,1,8549.1,In-Transit
ORD-90616,CUST-1129,PROD-5055,2026-07-27 10:09:39,1,179.1,Delivered
ORD-90606,CUST-1080,PROD-5059,2026-07-27 13:13:24,1,1899.05,Delivered
ORD-90503,CUST-1182,PROD-5018,2026-07-27 13:17:54,1,1199.0,Delivered
ORD-90355,CUST-1169,PROD-5039,2026-07-27 16:54:50,3,2847.15,Delivered
ORD-90564,CUST-1186,PROD-5021,2026-07-28 03:24:42,1,1234.05,Delivered
ORD-90330,CUST-1113,PROD-5012,2026-07-28 16:58:20,1,4265.5,Delivered
ORD-90521,CUST-1133,PROD-5049,2026-07-29 01:47:40,2,628.2,Delivered
ORD-90500,CUST-1021,PROD-5025,2026-07-29 03:52:49,1,1439.1,Delivered
ORD-90205,CUST-1039,PROD-5003,2026-07-29 05:56:38,1,1799.0,Delivered
ORD-90109,CUST-1077,PROD-5059,2026-07-29 07:42:19,1,1799.1,Delivered
ORD-90655,CUST-1054,PROD-5052,2026-07-29 11:32:35,5,2132.75,Delivered
ORD-90700,CUST-1075,PROD-5025,2026-07-29 12:46:27,1,1599.0,Delivered
ORD-90367,CUST-1116,PROD-5007,2026-07-29 15:16:30,3,53997.3,Cancelled
ORD-90048,CUST-1164,PROD-5043,2026-07-29 17:11:18,3,5937.3,Delivered
ORD-90559,CUST-1064,PROD-5037,2026-07-31 10:13:33,4,3416.2,Delivered
ORD-90377,CUST-1199,PROD-5060,2026-07-31 10:25:11,1,1619.1,Delivered
ORD-90149,CUST-1185,PROD-5014,2026-07-31 23:03:54,2,4233.0,Delivered
ORD-90641,CUST-1072,PROD-5040,2026-08-01 01:39:12,1,1678.75,Delivered
ORD-90513,CUST-1153,PROD-5030,2026-08-01 12:53:40,2,841.5,Delivered
ORD-90124,CUST-1182,PROD-5040,2026-08-01 20:55:29,1,1777.5,Cancelled
ORD-90718,CUST-1020,PROD-5044,2026-08-02 01:11:54,1,759.05,Delivered
ORD-90399,CUST-1140,PROD-5019,2026-08-02 02:52:01,1,1349.1,In-Transit
ORD-90134,CUST-1188,PROD-5030,2026-08-02 06:34:16,2,940.5,Delivered
ORD-90523,CUST-1075,PROD-5008,2026-08-02 16:08:06,1,1614.05,Delivered
ORD-90188,CUST-1130,PROD-5009,2026-08-02 17:38:25,2,73800.0,Delivered
ORD-90656,CUST-1144,PROD-5052,2026-08-02 18:58:54,1,404.1,Delivered
ORD-90289,CUST-1176,PROD-5035,2026-08-02 22:45:24,2,739.5,Delivered
ORD-90228,CUST-1157,PROD-5015,2026-08-03 04:58:12,1,1512.0,Delivered
ORD-90383,CUST-1115,PROD-5016,2026-08-03 17:10:07,1,11699.1,In-Transit
ORD-90207,CUST-1108,PROD-5013,2026-08-03 18:58:40,3,4272.15,Delivered
ORD-90152,CUST-1064,PROD-5018,2026-08-04 04:08:58,1,1139.05,Delivered
ORD-90403,CUST-1106,PROD-5058,2026-08-04 10:15:32,3,3897.0,Delivered
ORD-90201,CUST-1017,PROD-5013,2026-08-04 10:31:01,1,1499.0,In-Transit
ORD-90282,CUST-1096,PROD-5036,2026-08-04 16:49:58,1,168.0,Delivered
ORD-90631,CUST-1083,PROD-5045,2026-08-04 22:35:06,3,17547.3,Delivered
ORD-90444,CUST-1199,PROD-5044,2026-08-05 01:38:21,1,759.05,Cancelled
ORD-90054,CUST-1021,PROD-5042,2026-08-05 04:43:39,2,1700.0,Delivered
ORD-90576,CUST-1059,PROD-5048,2026-08-05 18:10:17,2,798.4,Delivered
ORD-90642,CUST-1038,PROD-5004,2026-08-05 20:29:27,1,999.0,Delivered
ORD-90341,CUST-1128,PROD-5048,2026-08-05 20:56:20,1,474.05,Delivered
ORD-90121,CUST-1027,PROD-5048,2026-08-05 22:19:51,2,998.0,In-Transit
ORD-90595,CUST-1014,PROD-5030,2026-08-06 03:23:34,4,1980.0,Delivered
ORD-90460,CUST-1103,PROD-5040,2026-08-06 09:59:53,1,1777.5,Delivered
ORD-90609,CUST-1198,PROD-5010,2026-08-06 10:15:41,4,6460.0,Delivered
ORD-90059,CUST-1140,PROD-5037,2026-08-06 19:00:40,1,719.2,Delivered
ORD-90443,CUST-1024,PROD-5031,2026-08-07 00:59:32,1,216.0,Cancelled
ORD-90421,CUST-1145,PROD-5037,2026-08-07 01:05:19,3,2697.0,Cancelled
ORD-90596,CUST-1170,PROD-5055,2026-08-07 04:17:26,1,199.0,Delivered
ORD-90286,CUST-1154,PROD-5026,2026-08-07 06:17:39,1,4999.0,Delivered
ORD-90245,CUST-1121,PROD-5032,2026-08-07 08:40:11,1,585.0,Delivered
ORD-90314,CUST-1078,PROD-5027,2026-08-07 11:34:49,1,513.0,Delivered
ORD-90436,CUST-1185,PROD-5047,2026-08-07 11:57:19,2,2798.4,Delivered
ORD-90746,CUST-1110,PROD-5045,2026-08-08 15:08:40,2,12998.0,Delivered
ORD-90423,CUST-1060,PROD-5003,2026-08-08 19:50:05,1,1529.15,Delivered
ORD-90360,CUST-1089,PROD-5059,2026-08-09 13:29:19,1,1799.1,In-Transit
ORD-90177,CUST-1031,PROD-5033,2026-08-09 17:55:30,3,825.0,Cancelled
ORD-90432,CUST-1030,PROD-5031,2026-08-10 02:47:49,1,240.0,Delivered
ORD-90323,CUST-1075,PROD-5024,2026-08-10 09:57:38,1,1215.0,Delivered
ORD-90100,CUST-1166,PROD-5007,2026-08-10 11:41:52,2,31998.4,Cancelled
ORD-90333,CUST-1004,PROD-5046,2026-08-10 15:22:39,1,449.1,Cancelled
ORD-90734,CUST-1115,PROD-5025,2026-08-10 18:00:30,1,1519.05,In-Transit
ORD-90025,CUST-1045,PROD-5041,2026-08-10 19:12:17,1,988.0,In-Transit
ORD-90127,CUST-1132,PROD-5058,2026-08-10 21:45:51,2,2598.0,Cancelled
ORD-90144,CUST-1058,PROD-5034,2026-08-11 00:56:57,1,799.0,Delivered
ORD-90003,CUST-1196,PROD-5016,2026-08-11 02:37:23,2,22098.3,Delivered
ORD-90158,CUST-1094,PROD-5035,2026-08-11 14:44:26,1,413.25,In-Transit
ORD-90090,CUST-1138,PROD-5039,2026-08-11 22:08:09,3,2997.0,Delivered
ORD-90588,CUST-1060,PROD-5013,2026-08-12 02:00:19,1,1349.1,Cancelled
ORD-90389,CUST-1199,PROD-5014,2026-08-12 02:13:10,1,2490.0,Delivered
ORD-90658,CUST-1002,PROD-5008,2026-08-12 04:13:35,1,1614.05,Delivered
ORD-90490,CUST-1034,PROD-5037,2026-08-12 05:02:50,1,899.0,Delivered
ORD-90250,CUST-1108,PROD-5035,2026-08-12 09:58:07,3,1239.75,In-Transit
ORD-90450,CUST-1168,PROD-5014,2026-08-12 13:13:31,2,4731.0,Delivered
ORD-90620,CUST-1158,PROD-5032,2026-08-12 13:40:21,1,617.5,Delivered
ORD-90274,CUST-1192,PROD-5054,2026-08-12 18:16:34,1,1475.0,Delivered
ORD-90312,CUST-1006,PROD-5004,2026-08-12 22:28:00,1,949.05,Delivered
ORD-90095,CUST-1174,PROD-5038,2026-08-13 01:40:15,1,3299.0,Delivered
ORD-90537,CUST-1149,PROD-5051,2026-08-13 03:08:05,1,356.25,Delivered
ORD-90112,CUST-1138,PROD-5045,2026-08-13 07:07:47,4,25996.0,Delivered
ORD-90356,CUST-1156,PROD-5059,2026-08-13 11:21:22,2,3998.0,In-Transit
ORD-90369,CUST-1179,PROD-5019,2026-08-13 13:18:58,2,2398.4,Delivered
ORD-90183,CUST-1163,PROD-5054,2026-08-13 15:45:41,3,3540.0,Delivered
ORD-90304,CUST-1064,PROD-5015,2026-08-13 16:03:34,3,5670.0,Delivered
ORD-90262,CUST-1156,PROD-5044,2026-08-13 16:41:44,1,759.05,Cancelled
ORD-90693,CUST-1054,PROD-5053,2026-08-13 18:33:12,1,351.0,Delivered
ORD-90694,CUST-1088,PROD-5035,2026-08-13 18:53:41,1,391.5,Delivered
ORD-90649,CUST-1135,PROD-5014,2026-08-14 02:48:01,1,2490.0,Delivered
ORD-90543,CUST-1076,PROD-5035,2026-08-14 08:25:53,1,413.25,Delivered
ORD-90240,CUST-1049,PROD-5027,2026-08-14 09:10:19,1,432.0,Delivered
ORD-90358,CUST-1132,PROD-5020,2026-08-15 05:12:01,1,3499.0,Cancelled
ORD-90161,CUST-1107,PROD-5028,2026-08-15 06:40:28,1,166.5,Delivered
ORD-90313,CUST-1065,PROD-5031,2026-08-15 06:56:34,1,216.0,Delivered
ORD-90704,CUST-1014,PROD-5001,2026-08-15 13:52:04,1,1039.2,Delivered
ORD-90004,CUST-1115,PROD-5034,2026-08-15 15:47:16,1,679.15,Delivered
ORD-90126,CUST-1044,PROD-5021,2026-08-15 17:07:42,1,1234.05,In-Transit
ORD-90679,CUST-1070,PROD-5010,2026-08-15 18:31:34,2,3610.0,Delivered
ORD-90194,CUST-1176,PROD-5020,2026-08-15 20:09:44,2,6998.0,Cancelled
ORD-90104,CUST-1100,PROD-5001,2026-08-15 20:18:21,1,1299.0,Delivered
ORD-90666,CUST-1193,PROD-5020,2026-08-15 22:46:43,3,9447.3,Delivered
ORD-90457,CUST-1179,PROD-5044,2026-08-16 05:52:47,1,759.05,Delivered
ORD-90028,CUST-1058,PROD-5020,2026-08-16 09:32:48,1,3324.05,Delivered
ORD-90556,CUST-1095,PROD-5051,2026-08-16 13:32:26,1,337.5,Delivered
ORD-90230,CUST-1023,PROD-5053,2026-08-16 16:01:12,2,702.0,Delivered
ORD-90284,CUST-1067,PROD-5042,2026-08-17 01:56:13,4,3060.0,Delivered
ORD-90599,CUST-1118,PROD-5036,2026-08-17 08:20:49,1,168.0,Delivered
ORD-90630,CUST-1117,PROD-5038,2026-08-17 09:07:01,3,8412.45,Delivered
ORD-90175,CUST-1010,PROD-5036,2026-08-17 15:34:41,2,319.2,Delivered
ORD-90345,CUST-1154,PROD-5031,2026-08-18 03:52:07,2,432.0,Delivered
ORD-90348,CUST-1127,PROD-5009,2026-08-18 04:47:29,2,70110.0,Delivered
ORD-90016,CUST-1119,PROD-5044,2026-08-18 15:13:14,1,759.05,Cancelled
ORD-90610,CUST-1143,PROD-5035,2026-08-18 16:50:08,1,435.0,Cancelled
ORD-90176,CUST-1107,PROD-5059,2026-08-18 20:47:06,1,1699.15,Delivered
ORD-90572,CUST-1188,PROD-5005,2026-08-19 12:07:46,1,15674.05,Delivered
ORD-90385,CUST-1066,PROD-5035,2026-08-19 13:58:15,1,369.75,Cancelled
ORD-90203,CUST-1111,PROD-5053,2026-08-19 16:05:32,1,390.0,Delivered
ORD-90672,CUST-1034,PROD-5014,2026-08-19 16:44:38,1,2365.5,Cancelled
ORD-90566,CUST-1102,PROD-5001,2026-08-20 00:51:54,1,1299.0,Delivered
ORD-90335,CUST-1111,PROD-5043,2026-08-20 02:26:37,1,2199.0,Delivered
ORD-90633,CUST-1182,PROD-5025,2026-08-20 03:28:39,2,3038.1,In-Transit
ORD-90331,CUST-1176,PROD-5057,2026-08-20 05:21:50,5,1125.0,In-Transit
ORD-90505,CUST-1006,PROD-5009,2026-08-20 07:39:55,1,36900.0,Cancelled
ORD-90306,CUST-1075,PROD-5030,2026-08-20 07:56:33,1,470.25,Delivered
ORD-90266,CUST-1083,PROD-5018,2026-08-20 12:27:05,1,1079.1,Delivered
ORD-90604,CUST-1036,PROD-5006,2026-08-20 17:31:56,1,7599.2,Delivered
ORD-90713,CUST-1128,PROD-5055,2026-08-20 22:18:11,1,189.05,Delivered
ORD-90022,CUST-1075,PROD-5015,2026-08-21 01:07:06,1,1795.5,Cancelled
ORD-90730,CUST-1054,PROD-5037,2026-08-21 14:22:14,2,1798.0,Delivered
ORD-90190,CUST-1101,PROD-5045,2026-08-21 18:59:33,1,6174.05,Delivered
ORD-90723,CUST-1169,PROD-5019,2026-08-22 04:26:24,1,1499.0,Delivered
ORD-90103,CUST-1102,PROD-5002,2026-08-22 04:28:43,1,1999.0,Delivered
ORD-90184,CUST-1169,PROD-5025,2026-08-22 07:42:52,2,3198.0,Delivered
ORD-90390,CUST-1180,PROD-5057,2026-08-22 23:03:29,2,405.0,In-Transit
ORD-90725,CUST-1066,PROD-5001,2026-08-22 23:18:37,1,1299.0,Delivered
ORD-90622,CUST-1101,PROD-5040,2026-08-23 04:09:03,1,1876.25,Delivered
ORD-90565,CUST-1141,PROD-5060,2026-08-23 13:59:11,1,1439.2,Delivered
ORD-90612,CUST-1078,PROD-5029,2026-08-23 18:47:35,4,95.2,In-Transit
ORD-90455,CUST-1169,PROD-5008,2026-08-24 05:04:00,1,1529.1,In-Transit
ORD-90716,CUST-1188,PROD-5034,2026-08-24 17:57:59,2,1518.1,Delivered
ORD-90405,CUST-1014,PROD-5055,2026-08-24 20:06:30,4,636.8,Delivered
ORD-90382,CUST-1144,PROD-5053,2026-08-25 01:11:50,5,1950.0,Delivered
ORD-90579,CUST-1101,PROD-5029,2026-08-25 04:29:22,1,26.6,Delivered
ORD-90147,CUST-1098,PROD-5050,2026-08-25 05:58:11,3,2025.0,Delivered
ORD-90021,CUST-1139,PROD-5014,2026-08-25 11:41:31,3,7470.0,Delivered
ORD-90372,CUST-1166,PROD-5024,2026-08-25 15:03:25,1,1215.0,Delivered
ORD-90684,CUST-1137,PROD-5006,2026-08-25 18:01:02,2,18048.1,Delivered
ORD-90395,CUST-1159,PROD-5005,2026-08-25 19:01:54,2,32998.0,Cancelled
ORD-90516,CUST-1001,PROD-5034,2026-08-26 05:54:12,2,1598.0,Delivered
ORD-90120,CUST-1194,PROD-5003,2026-08-26 13:52:33,2,3418.1,In-Transit
ORD-90038,CUST-1185,PROD-5031,2026-08-26 21:26:53,2,408.0,Delivered
ORD-90213,CUST-1189,PROD-5004,2026-08-27 08:43:47,5,4995.0,Cancelled
ORD-90300,CUST-1044,PROD-5037,2026-08-27 10:45:08,1,809.1,Cancelled
ORD-90397,CUST-1023,PROD-5019,2026-08-27 14:26:11,3,4272.15,Cancelled
ORD-90611,CUST-1187,PROD-5002,2026-08-27 15:11:08,1,1599.2,In-Transit
ORD-90560,CUST-1192,PROD-5007,2026-08-27 19:08:22,1,18999.05,Delivered
ORD-90438,CUST-1150,PROD-5053,2026-08-28 00:45:47,1,351.0,Delivered
ORD-90416,CUST-1149,PROD-5026,2026-08-28 08:43:58,1,4249.15,Delivered
ORD-90738,CUST-1173,PROD-5038,2026-08-28 14:46:39,1,3299.0,Delivered
ORD-90227,CUST-1101,PROD-5055,2026-08-28 16:19:47,4,796.0,Delivered
ORD-90568,CUST-1081,PROD-5002,2026-08-28 19:33:29,2,3598.2,Delivered
ORD-90418,CUST-1058,PROD-5058,2026-08-28 22:27:20,1,1104.15,Delivered
ORD-90118,CUST-1145,PROD-5048,2026-08-29 00:19:58,2,948.1,Delivered
ORD-90119,CUST-1030,PROD-5018,2026-08-29 12:17:18,1,959.2,Delivered
ORD-90181,CUST-1127,PROD-5050,2026-08-29 15:53:26,1,637.5,Cancelled
ORD-90747,CUST-1019,PROD-5018,2026-08-29 21:34:34,1,1139.05,In-Transit
ORD-90719,CUST-1088,PROD-5035,2026-08-30 04:11:57,1,413.25,In-Transit
ORD-90298,CUST-1184,PROD-5012,2026-08-30 06:07:44,1,4490.0,In-Transit
ORD-90153,CUST-1156,PROD-5019,2026-08-30 06:15:42,4,5996.0,Cancelled
ORD-90613,CUST-1071,PROD-5010,2026-08-30 06:54:21,1,1900.0,Delivered
ORD-90191,CUST-1052,PROD-5009,2026-08-30 10:46:11,2,73800.0,Delivered
ORD-90076,CUST-1077,PROD-5031,2026-08-30 23:29:27,1,240.0,Delivered
ORD-90168,CUST-1134,PROD-5034,2026-08-31 00:59:03,2,1598.0,Delivered
ORD-90724,CUST-1130,PROD-5005,2026-08-31 04:35:58,1,16499.0,Delivered
ORD-90155,CUST-1166,PROD-5004,2026-08-31 04:46:48,3,2397.6,Delivered
ORD-90366,CUST-1016,PROD-5045,2026-08-31 07:22:13,1,5849.1,Delivered
ORD-90056,CUST-1112,PROD-5042,2026-08-31 07:27:30,1,680.0,In-Transit
ORD-90365,CUST-1069,PROD-5049,2026-08-31 12:50:43,1,349.0,Delivered
ORD-90645,CUST-1153,PROD-5037,2026-08-31 21:07:09,1,719.2,Cancelled
